state,district,member,party
Alabama,1,Phillip Pettus,R
Alabama,2,Ben Harrison,R
Alabama,3,Kerry Underwood,R
Alabama,4,Parker Moore,R
Alabama,5,Danny Crawford,R
Alabama,6,Andy Whitt,R
Alabama,7,Ernie Yarbrough,R
Alabama,8,Terri Collins,R
Alabama,9,Scott Stadthagen,R
Alabama,10,Marilyn Lands,D
Alabama,11,Heath Allbright,R
Alabama,12,Cindy Myrex,R
Alabama,13,Greg Barnes,R
Alabama,14,Tim Wadsworth,R
Alabama,15,Leigh Hulsey,R
Alabama,16,Bryan Brinyark,R
Alabama,17,Tracy Estes,R
Alabama,18,Jamie Kiel,R
Alabama,19,Laura Hall,D
Alabama,20,James Lomax,R
Alabama,21,Rex Reynolds,R
Alabama,22,Ritchie Whorton,R
Alabama,23,Mike Kirkland,R
Alabama,24,Nathaniel Ledbetter,R
Alabama,25,Phillip Rigsby,R
Alabama,26,Brock Colvin,R
Alabama,27,Jeana Ross,R
Alabama,28,Mack Butler,R
Alabama,29,Mark Gidley,R
Alabama,30,Craig Lipscomb,R
Alabama,31,Troy Stubbs,R
Alabama,32,Barbara Boyd,D
Alabama,33,Ben Robbins,R
Alabama,34,David Standridge,R
Alabama,35,Steve Hurst,R
Alabama,36,Randy Wood,R
Alabama,37,Bob Fincher,R
Alabama,38,Kristin Nelson,R
Alabama,39,Ginny Shaver,R
Alabama,40,Chad Robertson,R
Alabama,41,Corley Ellis,R
Alabama,42,Van Smith,R
Alabama,43,Arnold Mooney,R
Alabama,44,Danny Garrett,R
Alabama,45,Susan DuBose,R
Alabama,46,David Faulkner,R
Alabama,47,Mike Shaw,R
Alabama,48,Jim Carns,R
Alabama,49,Russell Bedsole,R
Alabama,50,Jim Hill,R
Alabama,51,Allen Treadaway,R
Alabama,52,Kelvin Datcher,D
Alabama,53,Anthony Daniels,D
Alabama,54,Neil Rafferty,D
Alabama,55,Travis Hendrix,D
Alabama,56,Ontario Tillman,D
Alabama,57,Patrick Sellers,D
Alabama,58,Rolanda Hollis,D
Alabama,59,Mary Moore,D
Alabama,60,Juandalynn Givan,D
Alabama,61,Ron Bolton,R
Alabama,62,Bill Lamb,R
Alabama,63,Norman Crow,R
Alabama,64,Donna Givens,R
Alabama,65,Brett Easterbrook,R
Alabama,66,Alan Baker,R
Alabama,67,Prince Chestnut,D
Alabama,68,Thomas Jackson,D
Alabama,69,Kelvin Lawrence,D
Alabama,70,Christopher J. England,D
Alabama,71,Artis J. McCampbell,D
Alabama,72,Curtis Travis,D
Alabama,73,Kenneth Paschal,R
Alabama,74,Phillip Ensler,D
Alabama,75,Reed Ingram,R
Alabama,76,Patrice McClammy,D
Alabama,77,Tashina Morris,D
Alabama,78,Kenyatté Hassell,D
Alabama,79,Joe Lovvorn,R
Alabama,80,Chris Blackshear,R
Alabama,81,Ed Oliver,R
Alabama,82,Pebblin Warren,D
Alabama,83,Jeremy Gray,D
Alabama,84,Berry Forte,D
Alabama,85,Rick Rehm,R
Alabama,86,Paul Lee,R
Alabama,87,Jeff Sorrells,R
Alabama,88,Jerry Starnes,R
Alabama,89,Marcus Paramore,R
Alabama,90,Chris Sells,R
Alabama,91,Rhett Marques,R
Alabama,92,Matthew Hammett,R
Alabama,93,Steve Clouse,R
Alabama,94,Jennifer Fidler,R
Alabama,95,Frances Holk-Jones,R
Alabama,96,Matt Simpson,R
Alabama,97,Adline Clarke,D
Alabama,98,Napoleon Bracy Jr.,D
Alabama,99,Sam Jones,D
Alabama,100,Mark Shirey,R
Alabama,101,Chris Pringle,R
Alabama,102,Shane Stringer,R
Alabama,103,Barbara Drummond,D
Alabama,104,Margie Wilcox,R
Alabama,105,Chip Brown,R
Alaska,1,Jeremy Bynum,R
Alaska,2,Rebecca Himschoot,I
Alaska,3,Andi Story,D
Alaska,4,Sara Hannan,D
Alaska,5,Louise Stutes,MCR
Alaska,6,Sarah Vance,R
Alaska,7,Justin Ruffridge,R
Alaska,8,Bill Elam,R
Alaska,9,Ky Holland,I
Alaska,10,Chuck Kopp,MCR
Alaska,11,Julie Coulombe,R
Alaska,12,Calvin Schrage,I
Alaska,13,Andy Josephson,D
Alaska,14,Alyse Galvin,I
Alaska,15,Mia Costello,R
Alaska,16,Carolyn Hall,D
Alaska,17,Zack Fields,D
Alaska,18,David Nelson,R
Alaska,19,Genevieve Mina,D
Alaska,20,Andrew Gray,D
Alaska,21,Donna Mears,D
Alaska,22,Ted Eischeid,D
Alaska,23,Jamie Allard,R
Alaska,24,Dan Saddler,R
Alaska,25,DeLena Johnson,R
Alaska,26,Steve St. Clair,R
Alaska,27,Jubilee Underwood,R
Alaska,28,Elexie Moore,R
Alaska,29,Garret Nelson,R
Alaska,30,Kevin McCabe,R
Alaska,31,Maxine Dibert,D
Alaska,32,Will Stapp,R
Alaska,33,Mike Prax,R
Alaska,34,Frank Tomaszewski,R
Alaska,35,Ashley Carrick,D
Alaska,36,Rebecca Schwanke,R
Alaska,37,Bryce Edgmon,I
Alaska,38,Nellie Jimmie,D
Alaska,39,Neal Foster,D
Alaska,40,Robyn Frier,D
Arizona,1,Quang Nguyen (R) ▌ Selina Bliss,R
Arizona,2,Justin Wilmeth (R) ▌ Stephanie Simacek,D
Arizona,3,Vacant ▌ Alexander Kolodin,R
Arizona,4,Matt Gress (R) ▌ Pamela Carter,R
Arizona,5,Sarah Liguori (D) ▌ Aaron Márquez,D
Arizona,6,Myron Tsosie (D) ▌ Mae Peshlakai,D
Arizona,7,David Marshall (R) ▌ Walter Blackman,R
Arizona,8,Janeen Connolly (D) ▌ Brian Garcia,D
Arizona,9,Lorena Austin (D) ▌ Seth Blattman,D
Arizona,10,Justin Olson (R) ▌ Ralph Heap,R
Arizona,11,Oscar De Los Santos (D) ▌ Junelle Cavero,D
Arizona,12,Patty Contreras (D) ▌ Stacey Travers,D
Arizona,13,Julie Willoughby (R) ▌ Jeff Weninger,R
Arizona,14,Laurin Hendrix (R) ▌ Khyl Powell,R
Arizona,15,Neal Carter (R) ▌ Michael Way,R
Arizona,16,Teresa Martinez (R) ▌ Chris Lopez,R
Arizona,17,Rachel Keshel (R) ▌ Kevin Volk,D
Arizona,18,Christopher Mathis (D) ▌ Nancy Gutierrez,D
Arizona,19,Gail Griffin (R) ▌ Lupe Diaz,R
Arizona,20,Alma Hernandez (D) ▌ Betty Villegas,D
Arizona,21,Consuelo Hernandez (D) ▌ Stephanie Stahl Hamilton,D
Arizona,22,Lupe Contreras (D) ▌ Elda Luna-Nájera,D
Arizona,23,Mariana Sandoval (D) ▌ Michele Peña,R
Arizona,24,Lydia Hernandez (D) ▌ Anna Abeytia,D
Arizona,25,Michael Carbone (R) ▌ Nick Kupper,R
Arizona,26,Cesar Aguilar (D) ▌ Quantá Crews,D
Arizona,27,Lisa Fink (R) ▌ Tony Rivero,R
Arizona,28,David Livingston (R) ▌ Beverly Pingerelli,R
Arizona,29,Steve Montenegro (R) ▌ James Taylor,R
Arizona,30,Leo Biasiucci (R) ▌ John Gillette,R
Arkansas,1,Jeremy Wooldridge,R
Arkansas,2,Trey Steimel,R
Arkansas,3,Stetson Painter,R
Arkansas,4,Jason Nazarenko,R
Arkansas,5,Ron McNair,R
Arkansas,6,Harlan Breaux,R
Arkansas,7,Brit McKenzie,R
Arkansas,8,Austin McCollum,R
Arkansas,9,Diana Gonzales Worthen,D
Arkansas,10,Mindy McAlindon,R
Arkansas,11,Rebecca Burkes,R
Arkansas,12,Hope Hendren Duke,R
Arkansas,13,Scott Richardson,R
Arkansas,14,Nick Burkes,R
Arkansas,15,John P. Carr,R
Arkansas,16,Kendon Underwood,R
Arkansas,17,Randy Torres,R
Arkansas,18,Robin Lundstrum,R
Arkansas,19,Steve Unger,R
Arkansas,20,Denise Garner,D
Arkansas,21,Nicole Clowney,D
Arkansas,22,David Whitaker,D
Arkansas,23,Kendra Moore,R
Arkansas,24,Brad Hall,R
Arkansas,25,Chad Puryear,R
Arkansas,26,James Eaton,R
Arkansas,27,Steven Walker,R
Arkansas,28,Bart Schulz,R
Arkansas,29,Rick McClure,R
Arkansas,30,Frances Cavenaugh,R
Arkansas,31,Jimmy Gazaway,R
Arkansas,32,Jack Ladyman,R
Arkansas,33,Jon Milligan,R
Arkansas,34,Joey L. Carr,R
Arkansas,35,Jessie McGruder,D
Arkansas,36,Johnny Rye,R
Arkansas,37,Steve Hollowell,R
Arkansas,38,Dwight Tosh,R
Arkansas,39,Wayne Long,R
Arkansas,40,Shad Pearce,R
Arkansas,41,Alyssa Brown,R
Arkansas,42,Stephen Meeks,R
Arkansas,43,Rick Beck,R
Arkansas,44,Stan Berry,R
Arkansas,45,Aaron Pilkington,R
Arkansas,46,Jon Eubanks,R
Arkansas,47,Lee Johnson,R
Arkansas,48,Ryan Rose,R
Arkansas,49,Jay Richardson,D
Arkansas,50,Zachary Gramlich,R
Arkansas,51,Cindy Crawford,R
Arkansas,52,Marcus Richmond,R
Arkansas,53,Matt Duffield,R
Arkansas,54,Mary Bentley,R
Arkansas,55,Matthew Brown,R
Arkansas,56,Steve Magie,D
Arkansas,57,Cameron Cooper,R
Arkansas,58,Les Eaves,R
Arkansas,59,Jim Wooten,R
Arkansas,60,Roger D. Lynch,R
Arkansas,61,Jeremiah Moore,R
Arkansas,62,Mark McElroy,R
Arkansas,63,Lincoln Barnett,D
Arkansas,64,Ken Ferguson,D
Arkansas,65,Glenn Barnes,D
Arkansas,66,Mark Perry,D
Arkansas,67,Karilyn Brown,R
Arkansas,68,Brian S. Evans,R
Arkansas,69,David Ray,R
Arkansas,70,Carlton Wing,R
Arkansas,71,Brandon Achor,R
Arkansas,72,Tracy Steele,D
Arkansas,73,Andrew Collins,D
Arkansas,74,Tippi McCullough,D
Arkansas,75,Ashley Hudson,D
Arkansas,76,Joy Springer,D
Arkansas,77,Fred Allen,D
Arkansas,78,Keith Brooks,R
Arkansas,79,Tara Shephard,D
Arkansas,80,Denise Jones Ennett,D
Arkansas,81,R. J. Hawk,R
Arkansas,82,Tony Furman,R
Arkansas,83,Paul Childress,R
Arkansas,84,Les Warren,R
Arkansas,85,Richard McGrew,R
Arkansas,86,John Maddox,R
Arkansas,87,DeAnn Vaught,R
Arkansas,88,Dolly Henley,R
Arkansas,89,Justin Gonzales,R
Arkansas,90,Richard Womack,R
Arkansas,91,Bruce Cozart,R
Arkansas,92,Julie Mayberry,R
Arkansas,93,Mike Holcomb,R
Arkansas,94,Jeff Wardlaw,R
Arkansas,95,Howard Beaty,R
Arkansas,96,Sonia Eubanks Barker,R
Arkansas,97,Matthew Shepherd,R
Arkansas,98,Wade Andrews,R
Arkansas,99,Lane Jean,R
Arkansas,100,Carol Dalby,R
California,1,Heather Hadwick,R
California,2,Chris Rogers,D
California,3,James Gallagher,R
California,4,Cecilia Aguiar-Curry,D
California,5,Joe Patterson,R
California,6,Maggy Krell,D
California,7,Josh Hoover,R
California,8,David Tangipa,R
California,9,Heath Flora,R
California,10,Stephanie Nguyen,D
California,11,Lori Wilson,D
California,12,Damon Connolly,D
California,13,Rhodesia Ransom,D
California,14,Buffy Wicks,D
California,15,Anamarie Avila Farias,D
California,16,Rebecca Bauer-Kahan,D
California,17,Matt Haney,D
California,18,Mia Bonta,D
California,19,Catherine Stefani,D
California,20,Liz Ortega,D
California,21,Diane Papan,D
California,22,Juan Alanis,R
California,23,Marc Berman,D
California,24,Alex Lee,D
California,25,Ash Kalra,D
California,26,Patrick Ahrens,D
California,27,Esmeralda Soria,D
California,28,Gail Pellerin,D
California,29,Robert Rivas,D
California,30,Dawn Addis,D
California,31,Joaquin Arambula,D
California,32,Stan Ellis,R
California,33,Alexandra Macedo,R
California,34,Tom Lackey,R
California,35,Jasmeet Bains,D
California,36,Jeff Gonzalez,R
California,37,Gregg Hart,D
California,38,Steve Bennett,D
California,39,Juan Carrillo,D
California,40,Pilar Schiavo,D
California,41,John Harabedian,D
California,42,Jacqui Irwin,D
California,43,Celeste Rodriguez,D
California,44,Nick Schultz,D
California,45,James Ramos,D
California,46,Jesse Gabriel,D
California,47,Greg Wallis,R
California,48,Blanca Rubio,D
California,49,Mike Fong,D
California,50,Robert Garcia,D
California,51,Rick Zbur,D
California,52,Jessica Caloza,D
California,53,Michelle Rodriguez,D
California,54,Mark Gonzalez,D
California,55,Isaac Bryan,D
California,56,Lisa Calderon,D
California,57,Sade Elhawary,D
California,58,Leticia Castillo,R
California,59,Phillip Chen,R
California,60,Corey Jackson,D
California,61,Tina McKinnor,D
California,62,Jose Solache,D
California,63,Natasha Johnson,R
California,64,Blanca Pacheco,D
California,65,Mike Gipson,D
California,66,Al Muratsuchi,D
California,67,Sharon Quirk-Silva,D
California,68,Avelino Valencia,D
California,69,Josh Lowenthal,D
California,70,Tri Ta,R
California,71,Kate Sanchez,R
California,72,Diane Dixon,R
California,73,Cottie Petrie-Norris,D
California,74,Laurie Davies,R
California,75,Carl DeMaio,R
California,76,Darshana Patel,D
California,77,Tasha Boerner,D
California,78,Chris Ward,D
California,79,LaShae Sharp-Collins,D
California,80,David Alvarez,D
Colorado,1,Javier Mabrey,D
Colorado,2,Steven Woodrow,D
Colorado,3,Meg Froelich,D
Colorado,4,Cecelia Espenoza,D
Colorado,5,Alex Valdez,D
Colorado,6,Sean Camacho,D
Colorado,7,Jennifer Bacon,D
Colorado,8,Lindsay Gilchrist,D
Colorado,9,Emily Sirota,D
Colorado,10,Junie Joseph,D
Colorado,11,Karen McCormick,D
Colorado,12,Kyle Brown,D
Colorado,13,Julie McCluskie,D
Colorado,14,Ava Flanell,R
Colorado,15,Scott Bottoms,R
Colorado,16,Rebecca Keltie,R
Colorado,17,Regina English,D
Colorado,18,Amy Paschal,D
Colorado,19,Dan Woog,R
Colorado,20,Jarvis Caldwell,R
Colorado,21,Mary Bradfield,R
Colorado,22,Ken DeGraaf,R
Colorado,23,Monica Duran,D
Colorado,24,Lisa Feret,D
Colorado,25,Tammy Story,D
Colorado,26,Meghan Lukens,D
Colorado,27,Brianna Titone,D
Colorado,28,Sheila Lieder,D
Colorado,29,Lori Goldstein,D
Colorado,30,Rebekah Stewart,D
Colorado,31,Jacqueline Phillips,D
Colorado,32,Manny Rutinel,D
Colorado,33,Kenny Nguyen,D
Colorado,34,Jenny Willford,D
Colorado,35,Lorena Garcia,D
Colorado,36,Michael Carter,D
Colorado,37,Chad Clifford,D
Colorado,38,Gretchen Rydin,D
Colorado,39,Brandi Bradley,R
Colorado,40,Naquetta Ricks,D
Colorado,41,Jamie Jackson,D
Colorado,42,Mandy Lindsay,D
Colorado,43,Bob Marshall,D
Colorado,44,Anthony Hartsook,R
Colorado,45,Max Brooks,R
Colorado,46,Tisha Mauro,D
Colorado,47,Ty Winter,R
Colorado,48,Carlos Barron,R
Colorado,49,Lesley Smith,D
Colorado,50,Ryan Gonzalez,R
Colorado,51,Ron Weinberg,R
Colorado,52,Yara Zokaie,D
Colorado,53,Andrew Boesenecker,D
Colorado,54,Matt Soper,R
Colorado,55,Rick Taggart,R
Colorado,56,Chris Richardson,R
Colorado,57,Elizabeth Velasco,D
Colorado,58,Larry Don Suckla,R
Colorado,59,Katie Stewart,D
Colorado,60,Stephanie Luck,R
Colorado,61,Eliza Hamrick,D
Colorado,62,Matthew Martinez,D
Colorado,63,Dusty A. Johnson,R
Colorado,64,Scott Slaugh,R
Colorado,65,Lori Garcia Sander,R
Connecticut,1,Matthew Ritter,D
Connecticut,2,Raghib Allie-Brennan,D
Connecticut,3,Minnie Gonzalez,D
Connecticut,4,Julio Concepcion,D
Connecticut,5,Maryam Khan,D
Connecticut,6,James Sánchez,D
Connecticut,7,Joshua M. Hall,D
Connecticut,8,Tim Ackert,R
Connecticut,9,Jason Rojas,D
Connecticut,10,Henry Genga,D
Connecticut,11,Jeffrey Currey,D
Connecticut,12,Geoff Luxenberg,D
Connecticut,13,Jason Doucette,D
Connecticut,14,Tom Delnicki,R
Connecticut,15,Bobby Gibson,D
Connecticut,16,Melissa Osborne,D
Connecticut,17,Eleni Kavros DeGraw,D
Connecticut,18,Jillian Gilchrest,D
Connecticut,19,Tammy Exum,D
Connecticut,20,Kate Farrar,D
Connecticut,21,Mike Demicco,D
Connecticut,22,Francis Cooley,R
Connecticut,23,Devin Carney,R
Connecticut,24,Emmanuel Sanchez,D
Connecticut,25,Iris Sanchez,D
Connecticut,26,Peter Tercyak,D
Connecticut,27,Gary Turco,D
Connecticut,28,Amy Morrin Bello,D
Connecticut,29,Kerry Szeps Wood,D
Connecticut,30,Donna Veach,R
Connecticut,31,Jill Barry,D
Connecticut,32,Christie Carpino,R
Connecticut,33,Brandon Chafee,D
Connecticut,34,Irene Haines,R
Connecticut,35,Chris Aniskovich,R
Connecticut,36,Renee LaMark Muir,D
Connecticut,37,Holly Cheeseman,R
Connecticut,38,Kathleen McCarty,R
Connecticut,39,Anthony Nolan,D
Connecticut,40,Christine Conley,D
Connecticut,41,Aundre Bumgardner,D
Connecticut,42,Keith Denning,D
Connecticut,43,Greg Howard,R
Connecticut,44,Anne Dauphinais,R
Connecticut,45,Brian Lanoue,R
Connecticut,46,Derell Wilson,D
Connecticut,47,Doug Dubitsky,R
Connecticut,48,Mark DeCaprio,R
Connecticut,49,Susan Johnson,D
Connecticut,50,Pat Boyd,D
Connecticut,51,Rick Hayes,R
Connecticut,52,Kurt Vail,R
Connecticut,53,Tammy Nuccio,R
Connecticut,54,Gregory Haddad,D
Connecticut,55,Steve Weir,R
Connecticut,56,Kevin Brown,D
Connecticut,57,Jaime Foster,D
Connecticut,58,Tom Arnone,D
Connecticut,59,Carol Hall,R
Connecticut,60,Jane Garibay,D
Connecticut,61,Tami Zawistowski,R
Connecticut,62,Mark Anderson,R
Connecticut,63,Jay Case,R
Connecticut,64,Maria Horn,D
Connecticut,65,Michelle Cook,D
Connecticut,66,Karen Reddington-Hughes,R
Connecticut,67,Bill Buckbee,R
Connecticut,68,Joseph Polletta,R
Connecticut,69,Cindy Harrison,R
Connecticut,70,Seth Bronko,R
Connecticut,71,William Pizzuto,R
Connecticut,72,Larry Butler,D
Connecticut,73,Ronald Napoli,D
Connecticut,74,Michael DiGiovancarlo,D
Connecticut,75,Geraldo Reyes,D
Connecticut,76,John Piscopo,R
Connecticut,77,Cara Pavalock-D'Amato,R
Connecticut,78,Joe Hoxha,R
Connecticut,79,Mary Fortier,D
Connecticut,80,Gale Mastrofrancesco,R
Connecticut,81,Chris Poulos,D
Connecticut,82,Michael Quinn,D
Connecticut,83,Jack Fazzino,D
Connecticut,84,Hilda Santiago,D
Connecticut,85,Mary Mushinsky,D
Connecticut,86,Vincent Candelora,R
Connecticut,87,Dave Yaccarino,R
Connecticut,88,Josh Elliott,D
Connecticut,89,Lezlye Zupkus,R
Connecticut,90,Craig Fishbein,R
Connecticut,91,Laurie Sweet,D
Connecticut,92,Patricia Dillon,D
Connecticut,93,Toni Walker,D
Connecticut,94,Robyn Porter,D
Connecticut,95,Juan Candelaria,D
Connecticut,96,Roland Lemar,D
Connecticut,97,Alphonse Paolillo,D
Connecticut,98,Moira Rader,D
Connecticut,99,Joseph Zullo,R
Connecticut,100,Kai Belton,D
Connecticut,101,John-Michael Parker,D
Connecticut,102,Robin Comey,D
Connecticut,103,Liz Linehan,D
Connecticut,104,Kara Rochelle,D
Connecticut,105,Nicole Klarides-Ditria,R
Connecticut,106,Mitch Bolinsky,R
Connecticut,107,Martin Foncello,R
Connecticut,108,Patrick Callahan,R
Connecticut,109,Farley Santos,D
Connecticut,110,Bob Godfrey,D
Connecticut,111,Aimee Berger-Girvalo,D
Connecticut,112,Tony Scott,R
Connecticut,113,Amy Romano,R
Connecticut,114,Mary Welander,D
Connecticut,115,William Heffernan III,D
Connecticut,116,Treneé McGee,D
Connecticut,117,Charles Ferraro,R
Connecticut,118,Frank Smith,D
Connecticut,119,Kathy Kennedy,R
Connecticut,120,Laura Dancho,R
Connecticut,121,Joseph Gresko,D
Connecticut,122,Ben McGorty,R
Connecticut,123,David Rutigliano,R
Connecticut,124,Andre Baker,D
Connecticut,125,Tom O'Dea,R
Connecticut,126,Fred Gree,D
Connecticut,127,Marcus Brown,D
Connecticut,128,Christopher Rosario,D
Connecticut,129,Steven Stafstrom,D
Connecticut,130,Antonio Felipe,D
Connecticut,131,David Labriola,R
Connecticut,132,Jennifer Leeper,D
Connecticut,133,Cristin McCarthy Vahey,D
Connecticut,134,Sarah Keitt,D
Connecticut,135,Anne Hughes,D
Connecticut,136,Jonathan Steinberg,D
Connecticut,137,Kadeem Roberts,D
Connecticut,138,Rachel Chaleski,R
Connecticut,139,Larry Pemberton,D
Connecticut,140,Travis Simms,D
Connecticut,141,Tracy Marra,R
Connecticut,142,Lucy Dathan,D
Connecticut,143,Dominique Johnson,D
Connecticut,144,Hubert Douglas Delany,D
Connecticut,145,Corey Paris,D
Connecticut,146,David Michel,D
Connecticut,147,Matt Blumenthal,D
Connecticut,148,Anabel Figueroa,D
Connecticut,149,Rachel Khanna,D
Connecticut,150,Steve Meskers,D
Connecticut,151,Hector Arzeno,D
Delaware,1,Nnamdi Chukwuocha,D
Delaware,2,Stephanie Bolden,D
Delaware,3,Josue Ortega,D
Delaware,4,Jeff Hilovsky,R
Delaware,5,Kendra Johnson,D
Delaware,6,Debra Heffernan,D
Delaware,7,Larry Lambert,D
Delaware,8,Sherae'a Moore,D
Delaware,9,Kevin Hensley,R
Delaware,10,Melanie Levin,D
Delaware,11,Jeffrey Spiegelman,R
Delaware,12,Krista Griffith,D
Delaware,13,DeShanna Neal,D
Delaware,14,Claire Snyder-Hall,D
Delaware,15,Kamela Smith,D
Delaware,16,Franklin Cooke Jr.,D
Delaware,17,Melissa Minor-Brown,D
Delaware,18,Sophie Phillips,D
Delaware,19,Kimberly Williams,D
Delaware,20,Alonna Berry,D
Delaware,21,Frank Burns,D
Delaware,22,Michael F. Smith,R
Delaware,23,Mara Gorman,D
Delaware,24,Edward Osienski,D
Delaware,25,Cyndie Romer,D
Delaware,26,Madinah Wilson-Anton,D
Delaware,27,Eric Morrison,D
Delaware,28,William Carson Jr.,D
Delaware,29,William Bush IV,D
Delaware,30,W. Shannon Morris,R
Delaware,31,Sean Lynn,D
Delaware,32,Kerri Evelyn Harris,D
Delaware,33,Charles Postles Jr.,R
Delaware,34,Lyndon Yearick,R
Delaware,35,Jesse Vanderwende,R
Delaware,36,Bryan Shupe,R
Delaware,37,Valerie Jones Giltner,R
Delaware,38,Ronald E. Gray,R
Delaware,39,Daniel Short,R
Delaware,40,Timothy Dukes,R
Delaware,41,Richard G. Collins,R
Florida,1,Michelle Salzman,R
Florida,2,Alex Andrade,R
Florida,3,Nathan Boyles,R
Florida,4,Patt Maney,R
Florida,5,Shane Abbott,R
Florida,6,Philip Griffitts,R
Florida,7,Jason Shoaf,R
Florida,8,Gallop Franklin,D
Florida,9,Allison Tant,D
Florida,10,Chuck Brannan,R
Florida,11,Sam Garrison,R
Florida,12,Wyman Duggan,R
Florida,13,Angie Nixon,D
Florida,14,Kimberly Daniels,D
Florida,15,Dean Black,R
Florida,16,Kiyan Michael,R
Florida,17,Jessica Baker,R
Florida,18,Kim Kendall,R
Florida,19,Sam Greco,R
Florida,20,Judson Sapp,R
Florida,21,Yvonne Hayes Hinson,D
Florida,22,Chad Johnson,R
Florida,23,J. J. Grow,R
Florida,24,Ryan Chamberlin,R
Florida,25,Taylor Yarkosky,R
Florida,26,Nan Cobb,R
Florida,27,Richard Gentry,R
Florida,28,Bill Partington,R
Florida,29,Webster Barnaby,R
Florida,30,Chase Tramont,R
Florida,31,Tyler Sirois,R
Florida,32,Brian Hodgers,R
Florida,33,Monique Miller,R
Florida,34,Robbie Brackett,R
Florida,35,Erika Booth,R
Florida,36,Rachel Plakon,R
Florida,37,Susan Plasencia,R
Florida,38,David Smith,R
Florida,39,Doug Bankson,R
Florida,40,RaShon Young,D
Florida,41,Bruce Antone,D
Florida,42,Anna Eskamani,D
Florida,43,Johanna López,D
Florida,44,Rita Harris,D
Florida,45,Leonard Spencer,D
Florida,46,Jose Alvarez,D
Florida,47,Paula Stark,R
Florida,48,Jon Albert,R
Florida,49,Jennifer Kincart Jonsson,R
Florida,50,Jennifer Canady,R
Florida,51,Vacant,
Florida,52,Vacant,
Florida,53,Jeff Holcomb,R
Florida,54,Randy Maggard,R
Florida,55,Kevin Steele,R
Florida,56,Brad Yeager,R
Florida,57,Adam Anderson,R
Florida,58,Kim Berfield,R
Florida,59,Berny Jacques,R
Florida,60,Lindsay Cross,D
Florida,61,Linda Chaney,R
Florida,62,Michele Rayner,D
Florida,63,Dianne Hart,D
Florida,64,Susan Valdes,R
Florida,65,Karen Gonzalez Pittman,R
Florida,66,Traci Koster,R
Florida,67,Fentrice Driskell,D
Florida,68,Lawrence McClure,R
Florida,69,Danny Alvarez,R
Florida,70,Michael Owen,R
Florida,71,Will Robinson,R
Florida,72,Bill Conerly,R
Florida,73,Fiona McFarland,R
Florida,74,James Buchanan,R
Florida,75,Danny Nix Jr.,R
Florida,76,Vanessa Oliver,R
Florida,77,Tiffany Esposito,R
Florida,78,Jenna Persons-Mulicka,R
Florida,79,Mike Giallombardo,R
Florida,80,Adam Botana,R
Florida,81,Yvette Benarroch,R
Florida,82,Lauren Melo,R
Florida,83,Kaylee Tuck,R
Florida,84,Dana Trabulsy,R
Florida,85,Toby Overdorf,R
Florida,86,John Snyder,R
Florida,87,Vacant,
Florida,88,Jervonte Edmonds,D
Florida,89,Debra Tendrich,D
Florida,90,Rob Long,D
Florida,91,Peggy Gossett-Seidman,R
Florida,92,Kelly Skidmore,D
Florida,93,Anne Gerwig,R
Florida,94,Meg Weinberger,R
Florida,95,Christine Hunschofsky,D
Florida,96,Dan Daley,D
Florida,97,Lisa Dunkley,D
Florida,98,Mitch Rosenwald,D
Florida,99,Daryl Campbell,D
Florida,100,Chip LaMarca,R
Florida,101,Hillary Cassel,R
Florida,102,Michael Gottlieb,D
Florida,103,Robin Bartleman,D
Florida,104,Felicia Robinson,D
Florida,105,Marie Woodson,D
Florida,106,Fabián Basabe,R
Florida,107,Wallace Aristide,D
Florida,108,Dotie Joseph,D
Florida,109,Ashley Gantt,D
Florida,110,Tom Fabricio,R
Florida,111,David Borrero,R
Florida,112,Alex Rizo,R
Florida,113,Vacant,
Florida,114,Demi Busatta,R
Florida,115,Omar Blanco,R
Florida,116,Daniel Perez,R
Florida,117,Kevin Chambliss,D
Florida,118,Mike Redondo,R
Florida,119,Juan Carlos Porras,R
Florida,120,Jim Mooney,R
Georgia,1,Mike Cameron,R
Georgia,2,Steve Tarvin,R
Georgia,3,Mitchell Horner,R
Georgia,4,Kasey Carpenter,R
Georgia,5,Matt Barton,R
Georgia,6,Jason Ridley,R
Georgia,7,Johnny Chastain,R
Georgia,8,Stan Gunter,R
Georgia,9,Will Wade,R
Georgia,10,Victor Anderson,R
Georgia,11,Rick Jasperse,R
Georgia,12,Eddie Lumsden,R
Georgia,13,Katie Dempsey,R
Georgia,14,Mitchell Scoggins,R
Georgia,15,Matthew Gambill,R
Georgia,16,Trey Kelley,R
Georgia,17,Martin Momtahan,R
Georgia,18,Tyler Paul Smith,R
Georgia,19,Joseph Gullett,R
Georgia,20,Charlice Byrd,R
Georgia,21,Brad Thomas,R
Georgia,22,Jordan Ridley,R
Georgia,23,Bill Fincher,R
Georgia,24,Carter Barrett,R
Georgia,25,Todd Jones,R
Georgia,26,Lauren McDonald,R
Georgia,27,Lee Hawkins,R
Georgia,28,Brent Cox,R
Georgia,29,Matt Dubnik,R
Georgia,30,Derrick McCollum,R
Georgia,31,Emory Dunahoo,R
Georgia,32,Chris Erwin,R
Georgia,33,Alan Powell,R
Georgia,34,Devan Seabaugh,R
Georgia,35,Lisa Campbell,D
Georgia,36,Ginny Ehrhart,R
Georgia,37,Mary Frances Williams,D
Georgia,38,David Wilkerson,D
Georgia,39,Terry Cummings,D
Georgia,40,Kimberly New,R
Georgia,41,Michael Smith,D
Georgia,42,Gabriel Sanchez,D
Georgia,43,Solomon Adesanya,D
Georgia,44,Don Parsons,R
Georgia,45,Sharon Cooper,R
Georgia,46,John Carson,R
Georgia,47,Jan Jones,R
Georgia,48,Scott Hilton,R
Georgia,49,Chuck Martin,R
Georgia,50,Michelle Au,D
Georgia,51,Esther Panitch,D
Georgia,52,Shea Roberts,D
Georgia,53,Deborah Silcox,R
Georgia,54,Betsy Holland,D
Georgia,55,Inga Willis,D
Georgia,56,Bryce Berry,D
Georgia,57,Stacey Evans,D
Georgia,58,Park Cannon,D
Georgia,59,Phil Olaleye,D
Georgia,60,Sheila Jones,D
Georgia,61,Mekyah McQueen,D
Georgia,62,Tanya F. Miller,D
Georgia,63,Kim Schofield,D
Georgia,64,Sylvia Wayfer Baker,D
Georgia,65,Robert Dawson,D
Georgia,66,Kimberly Alexander,D
Georgia,67,Lydia Glaize,D
Georgia,68,Derrick Jackson,D
Georgia,69,Debra Bazemore,D
Georgia,70,Lynn Smith,R
Georgia,71,Jutt Howard,R
Georgia,72,David Huddleston,R
Georgia,73,Josh Bonner,R
Georgia,74,Robert Flournoy,D
Georgia,75,Eric Bell II,D
Georgia,76,Sandra Scott,D
Georgia,77,Rhonda Burnough,D
Georgia,78,Demetrius Douglas,D
Georgia,79,Yasmin Neal,D
Georgia,80,Long Tran,D
Georgia,81,Noelle Kahaian,R
Georgia,82,Karen Mathiak,R
Georgia,83,Karen Lupton,D
Georgia,84,Mary Margaret Oliver,D
Georgia,85,Karla Drenner,D
Georgia,86,Imani Barnes,D
Georgia,87,Viola Davis,D
Georgia,88,Billy Mitchell,D
Georgia,89,Omari Crawford,D
Georgia,90,Saira Draper,D
Georgia,91,Angela Moore,D
Georgia,92,Rhonda Taylor,D
Georgia,93,Doreen Carter,D
Georgia,94,Vacant,
Georgia,95,Dar'shun Kendrick,D
Georgia,96,Arlene Beckles,D
Georgia,97,Ruwa Romman,D
Georgia,98,Marvin Lim,D
Georgia,99,Matt Reeves,R
Georgia,100,David Clark,R
Georgia,101,Scott Holcomb,D
Georgia,102,Gabe Okoye,D
Georgia,103,Soo Hong,R
Georgia,104,Chuck Efstration,R
Georgia,105,Sandy Donatucci,R
Georgia,106,Akbar Ali,D
Georgia,107,Sam Park,D
Georgia,108,Jasmine Clark,D
Georgia,109,Dewey McClain,D
Georgia,110,Segun Adeyina,D
Georgia,111,Reynaldo Martinez,R
Georgia,112,Bruce Williamson,R
Georgia,113,Sharon Henderson,D
Georgia,114,Tim Fleming,R
Georgia,115,Regina Lewis-Ward,D
Georgia,116,El-Mahdi Holly,D
Georgia,117,Mary Ann Santos,D
Georgia,118,Clint Crowe,R
Georgia,119,Holt Persinger,R
Georgia,120,Houston Gaines,R
Georgia,121,Eric Gisler,D
Georgia,122,Spencer Frye,D
Georgia,123,Rob Leverett,R
Georgia,124,Trey Rhodes,R
Georgia,125,Gary Richardson,R
Georgia,126,L.C. Myles,D
Georgia,127,Mark Newton,R
Georgia,128,Mack Jackson,D
Georgia,129,Karlton Howard,D
Georgia,130,Vacant,
Georgia,131,Rob Clifton,R
Georgia,132,Brian Prince,D
Georgia,133,Danny Mathis,R
Georgia,134,Robert Dickey,R
Georgia,135,Beth Camp,R
Georgia,136,David Jenkins,R
Georgia,137,Debbie Buckner,D
Georgia,138,Vance Smith,R
Georgia,139,Carmen Rice,R
Georgia,140,Teddy Reese,D
Georgia,141,Carolyn Hugley,D
Georgia,142,Miriam Paris,D
Georgia,143,Anissa Jones,D
Georgia,144,Dale Washburn,R
Georgia,145,Tangie Herring,D
Georgia,146,Shaw Blackmon,R
Georgia,147,Bethany Ballard,R
Georgia,148,Noel Williams Jr.,R
Georgia,149,Floyd Griffin,D
Georgia,150,Patty Marie Stinson,D
Georgia,151,Mike Cheokas,R
Georgia,152,Bill Yearta,R
Georgia,153,David Sampson,D
Georgia,154,Gerald Greene,R
Georgia,155,Matt Hatchett,R
Georgia,156,Leesa Hagan,R
Georgia,157,Bill Werkheiser,R
Georgia,158,Butch Parrish,R
Georgia,159,Jon G. Burns,R
Georgia,160,Lehman Franklin,R
Georgia,161,Bill Hitchens,R
Georgia,162,Carl Gilliard,D
Georgia,163,Anne Allen Westbrook,D
Georgia,164,Ron Stephens,R
Georgia,165,Edna Jackson,D
Georgia,166,Jesse Petrea,R
Georgia,167,Buddy DeLoach,R
Georgia,168,Al Williams,D
Georgia,169,Angie O'Steen,R
Georgia,170,Jaclyn Ford,R
Georgia,171,Joe Campbell,R
Georgia,172,Charles Cannon,R
Georgia,173,Darlene Taylor,R
Georgia,174,John Corbett,R
Georgia,175,John LaHood,R
Georgia,176,James Burchett,R
Georgia,177,Dexter Sharper,D
Georgia,178,Steven Meeks,R
Georgia,179,Rick Townsend,R
Georgia,180,Steven Sainz,R
Hawaii,1,Matthias Kusch,D
Hawaii,2,Sue Keohokapu-Lee Loy,D
Hawaii,3,Chris Toshiro Todd,D
Hawaii,4,Greggor Ilagan,D
Hawaii,5,Jeanné Kapela,D
Hawaii,6,Kirstin Kahaloa,D
Hawaii,7,Nicole Lowen,D
Hawaii,8,David Tarnas,D
Hawaii,9,Justin Woodson,D
Hawaii,10,Tyson Miyake,D
Hawaii,11,Terez Amato,D
Hawaii,12,Kyle Yamashita,D
Hawaii,13,Mahina Poepoe,D
Hawaii,14,Elle Cochran,D
Hawaii,15,Nadine Nakamura,D
Hawaii,16,Luke Evslin,D
Hawaii,17,Dee Morikawa,D
Hawaii,18,Joe Gedeon,R
Hawaii,19,Mark Hashem,D
Hawaii,20,Tina Nakada Grandinetti,D
Hawaii,21,Jackson Sayama,D
Hawaii,22,Andrew Takuya Garrett,D
Hawaii,23,Ikaika Olds,D
Hawaii,24,Adrian Tam,D
Hawaii,25,Kim Coco Iwamoto,D
Hawaii,26,Della Au Belatti,D
Hawaii,27,Jenna Takenouchi,D
Hawaii,28,Vacant,
Hawaii,29,Ikaika Hussey,D
Hawaii,30,Shirley Ann Templo,D
Hawaii,31,Linda Ichiyama,D
Hawaii,32,Garner Shimizu,R
Hawaii,33,Sam Satoru Kong,D
Hawaii,34,Gregg Takayama,D
Hawaii,35,Cory Chun,D
Hawaii,36,Daisy Hartsfield,D
Hawaii,37,Trish La Chica,D
Hawaii,38,Lauren Matsumoto,R
Hawaii,39,Elijah Pierick,R
Hawaii,40,Julie Reyes Oda,R
Hawaii,41,David Alcos,R
Hawaii,42,Diamond Garcia,R
Hawaii,43,Kanani Souza,R
Hawaii,44,Darius Kila,D
Hawaii,45,Chris Muraoka,R
Hawaii,46,Amy Perruso,D
Hawaii,47,Sean Quinlan,D
Hawaii,48,Lisa Kitagawa,D
Hawaii,49,Scot Matayoshi,D
Hawaii,50,Mike Lee,D
Hawaii,51,Lisa Marten,D
Idaho,1,Mark Sauter (R) ▌ Cornel Rasor,R
Idaho,2,Heather Scott (R) ▌ Dale Hawkins,R
Idaho,3,Vito Barbieri (R) ▌ Jordan Redman,R
Idaho,4,Joe Alfieri (R) ▌ Elaine Price,R
Idaho,5,Ron Mendive (R) ▌ Tony Wisniewski,R
Idaho,6,Lori McCann (R) ▌ Brandon Mitchell,R
Idaho,7,Kyle Harris (R) ▌ Charlie Shepherd,R
Idaho,8,Rob Beiswenger (R) ▌ Faye Thompson,R
Idaho,9,John Shirts (R) ▌ Judy Boyle,R
Idaho,10,Mike Moyle (R) ▌ Bruce Skaug,R
Idaho,11,Kent Marmon (R) ▌ Lucas Cayler,R
Idaho,12,Jeff Cornilles (R) ▌ Jaron Crane,R
Idaho,13,Brent Crane (R) ▌ Steve Tanner,R
Idaho,14,Ted Hill (R) ▌ Josh Tanner,R
Idaho,15,Steve Berch (D) ▌ Dori Healey,R
Idaho,16,Soñia Galaviz (D) ▌ Anne Henderson Haws,D
Idaho,17,John Gannon (D) ▌ Megan Egbert,D
Idaho,18,Ilana Rubel (D) ▌ Brooke Green,D
Idaho,19,Monica Church (D) ▌ Chris Mathias,D
Idaho,20,Joe Palmer (R) ▌ James Holtzclaw,R
Idaho,21,James Petzke (R) ▌ Jeff Ehlers,R
Idaho,22,John Vander Woude (R) ▌ Jason Monks,R
Idaho,23,Chris Bruce (R) ▌ Shawn Dygert,R
Idaho,24,Clint Hostetler (R) ▌ Steve Miller,R
Idaho,25,Don Hall (R) ▌ David Leavitt,R
Idaho,26,Mike Pohanka (R) ▌ Jack Nelsen,R
Idaho,27,Douglas Pickett (R) ▌ Clay Handy,R
Idaho,28,Richard Cheatum (R) ▌ Dan Garner,R
Idaho,29,Dustin Manwaring (R) ▌ Tanya Burgoyne,R
Idaho,30,David Cannon (R) ▌ Ben Fuhriman,R
Idaho,31,Jerald Raymond (R) ▌ Rod Furniss,R
Idaho,32,Stephanie Mickelsen (R) ▌ Erin Bingham,R
Idaho,33,Barbara Ehardt (R) ▌ Marco Erickson,R
Idaho,34,Jon Weber (R) ▌ Britt Raybould,R
Idaho,35,Mike Veile (R) ▌ Josh Wheeler,R
Illinois,1,Aaron Ortiz,D
Illinois,2,Elizabeth Hernandez,D
Illinois,3,Eva-Dina Delgado,D
Illinois,4,Lilian Jiménez,D
Illinois,5,Kimberly du Buclet,D
Illinois,6,Sonya Harper,D
Illinois,7,Chris Welch,D
Illinois,8,La Shawn Ford,D
Illinois,9,Yolonda Morris,D
Illinois,10,Jawaharial Williams,D
Illinois,11,Ann Williams,D
Illinois,12,Margaret Croke,D
Illinois,13,Hoan Huynh,D
Illinois,14,Kelly Cassidy,D
Illinois,15,Michael Kelly,D
Illinois,16,Kevin Olickal,D
Illinois,17,Jennifer Gong-Gershowitz,D
Illinois,18,Robyn Gabel,D
Illinois,19,Lindsey LaPointe,D
Illinois,20,Bradley Stephens,R
Illinois,21,Abdelnasser Rashid,D
Illinois,22,Angelica Guerrero-Cuellar,D
Illinois,23,Edgar Gonzalez Jr.,D
Illinois,24,Theresa Mah,D
Illinois,25,Curtis Tarver,D
Illinois,26,Kam Buckner,D
Illinois,27,Justin Slaughter,D
Illinois,28,Robert Rita,D
Illinois,29,Thaddeus Jones,D
Illinois,30,Will Davis,D
Illinois,31,Michael Crawford,D
Illinois,32,Lisa Davis,D
Illinois,33,Marcus C. Evans Jr.,D
Illinois,34,Nicholas Smith,D
Illinois,35,Mary Gill,D
Illinois,36,Rick Ryan,D
Illinois,37,Patrick Sheehan,R
Illinois,38,Debbie Meyers-Martin,D
Illinois,39,Will Guzzardi,D
Illinois,40,Jaime Andrade Jr.,D
Illinois,41,Janet Yang Rohr,D
Illinois,42,Margaret DeLaRosa,D
Illinois,43,Anna Moeller,D
Illinois,44,Fred Crespo,D
Illinois,45,Martha Deuter,D
Illinois,46,Diane Blair-Sherlock,D
Illinois,47,Amy Grant,R
Illinois,48,Jennifer Sanalitro,R
Illinois,49,Maura Hirschauer,D
Illinois,50,Barbara Hernandez,D
Illinois,51,Nabeela Syed,D
Illinois,52,Martin McLaughlin,R
Illinois,53,Nicolle Grasse,D
Illinois,54,Mary Beth Canty,D
Illinois,55,Justin Cochran,D
Illinois,56,Michelle Mussman,D
Illinois,57,Tracy Katz Muhl,D
Illinois,58,Bob Morgan,D
Illinois,59,Daniel Didech,D
Illinois,60,Rita Mayfield,D
Illinois,61,Joyce Mason,D
Illinois,62,Laura Faver Dias,D
Illinois,63,Steve Reick,R
Illinois,64,Tom Weber,R
Illinois,65,Dan Ugaste,R
Illinois,66,Suzanne Ness,D
Illinois,67,Maurice West,D
Illinois,68,Dave Vella,D
Illinois,69,Joe Sosnowski,R
Illinois,70,Jeff Keicher,R
Illinois,71,Daniel Swanson,R
Illinois,72,Gregg Johnson,D
Illinois,73,Ryan Spain,R
Illinois,74,Bradley Fritts,R
Illinois,75,Jed Davis,R
Illinois,76,Murri Briel,D
Illinois,77,Norma Hernandez,D
Illinois,78,Camille Lilly,D
Illinois,79,Jackie Haas,R
Illinois,80,Anthony DeLuca,D
Illinois,81,Anne Stava,D
Illinois,82,Nicole La Ha,R
Illinois,83,Matt Hanson,D
Illinois,84,Stephanie Kifowit,D
Illinois,85,Dagmara Avelar,D
Illinois,86,Lawrence M. Walsh Jr.,D
Illinois,87,Bill Hauter,R
Illinois,88,Regan Deering,R
Illinois,89,Tony McCombie,R
Illinois,90,John Cabello,R
Illinois,91,Sharon Chung,D
Illinois,92,Jehan Gordon-Booth,D
Illinois,93,Travis Weaver,R
Illinois,94,Norine Hammond,R
Illinois,95,Michael Coffey,R
Illinois,96,Sue Scherer,D
Illinois,97,Harry Benton,D
Illinois,98,Natalie Manley,D
Illinois,99,Kyle Moore,R
Illinois,100,C. D. Davidsmeyer,R
Illinois,101,Chris Miller,R
Illinois,102,Adam Niemerg,R
Illinois,103,Carol Ammons,D
Illinois,104,Brandun Schweizer,R
Illinois,105,Dennis Tipsword,R
Illinois,106,Jason Bunting,R
Illinois,107,Brad Halbrook,R
Illinois,108,Wayne Rosenthal,R
Illinois,109,Charles Meier,R
Illinois,110,Blaine Wilhour,R
Illinois,111,Amy Elik,R
Illinois,112,Katie Stuart,D
Illinois,113,Jay Hoffman,D
Illinois,114,Kevin Schmidt,R
Illinois,115,David Friess,R
Illinois,116,Dave Severin,R
Illinois,117,Patrick Windhorst,R
Illinois,118,Paul Jacobs,R
Indiana,1,Carolyn Jackson,D
Indiana,2,Earl Harris Jr.,D
Indiana,3,Ragen Hatcher,D
Indiana,4,Edmond Soliday,R
Indiana,5,Dale DeVon,R
Indiana,6,Maureen Bauer,D
Indiana,7,Jake Teshka,R
Indiana,8,Ryan Dvorak,D
Indiana,9,Randy Novak,D
Indiana,10,Charles Moseley,D
Indiana,11,Michael Aylesworth,R
Indiana,12,Mike Andrade,D
Indiana,13,Matt Commons,R
Indiana,14,Vernon Smith,D
Indiana,15,Hal Slager,R
Indiana,16,Kendell Culp,R
Indiana,17,Jack Jordan,R
Indiana,18,David Abbott,R
Indiana,19,Julie Olthoff,R
Indiana,20,Jim Pressel,R
Indiana,21,Timothy Wesco,R
Indiana,22,Craig Snow,R
Indiana,23,Ethan Manning,R
Indiana,24,Hunter Smith,R
Indiana,25,Becky Cash,R
Indiana,26,Chris Campbell,D
Indiana,27,Sheila Klinker,D
Indiana,28,Jeff Thompson,R
Indiana,29,Alaina Shonkwiler,R
Indiana,30,Michael Karickhoff,R
Indiana,31,Lori Goss-Reaves,R
Indiana,32,Victoria Wilburn,D
Indiana,33,J.D. Prescott,R
Indiana,34,Sue Errington,D
Indiana,35,Elizabeth Rowray,R
Indiana,36,Kyle Pierce,R
Indiana,37,Todd Huston,R
Indiana,38,Heath VanNatter,R
Indiana,39,Danny Lopez,R
Indiana,40,Greg Steuerwald,R
Indiana,41,Mark Genda,R
Indiana,42,Tim Yocum,R
Indiana,43,Tonya Pfaff,D
Indiana,44,Beau Baird,R
Indiana,45,Bruce Borders,R
Indiana,46,Bob Heaton,R
Indiana,47,Robb Greene,R
Indiana,48,Douglas Miller,R
Indiana,49,Joanna King,R
Indiana,50,Lorissa Sweet,R
Indiana,51,Tony Isa,R
Indiana,52,Ben Smaltz,R
Indiana,53,Ethan Lawson,R
Indiana,54,Cory Criswell,R
Indiana,55,Lindsay Patterson,R
Indiana,56,Bradford Barrett,R
Indiana,57,Craig Haggard,R
Indiana,58,Michelle Davis,R
Indiana,59,Ryan Lauer,R
Indiana,60,Peggy Mayfield,R
Indiana,61,Matt Pierce,D
Indiana,62,Dave Hall,R
Indiana,63,Shane Lindauer,R
Indiana,64,Matt Hostettler,R
Indiana,65,Christopher May,R
Indiana,66,Zach Payne,R
Indiana,67,Alex Zimmerman,R
Indiana,68,Garrett Bascom,R
Indiana,69,Jim Lucas,R
Indiana,70,Karen Engleman,R
Indiana,71,Wendy Dant Chesser,D
Indiana,72,Edward Clere,I
Indiana,73,Jennifer Meltzer,R
Indiana,74,Stephen Bartels,R
Indiana,75,Cindy Ledbetter,R
Indiana,76,Wendy McNamara,R
Indiana,77,Alex Burton,D
Indiana,78,Tim O'Brien,R
Indiana,79,Matt Lehman,R
Indiana,80,Phil GiaQuinta,D
Indiana,81,Martin Carbaugh,R
Indiana,82,Kyle Miller,D
Indiana,83,Christopher Judy,R
Indiana,84,Robert Morris,R
Indiana,85,Dave Heine,R
Indiana,86,Ed DeLaney,D
Indiana,87,Carey Hamilton,D
Indiana,88,Chris Jeter,R
Indiana,89,Mitch Gore,D
Indiana,90,Andrew Ireland,R
Indiana,91,Robert Behning,R
Indiana,92,Renee Pack,D
Indiana,93,Julie McGuire,R
Indiana,94,Cherrish Pryor,D
Indiana,95,John Bartlett,D
Indiana,96,Greg Porter,D
Indiana,97,Justin Moed,D
Indiana,98,Robin Shackleford,D
Indiana,99,Vanessa Summers,D
Indiana,100,Blake Johnson,D
Iowa,1,J. D. Scholten,D
Iowa,2,Robert Henderson,R
Iowa,3,Thomas Jeneary,R
Iowa,4,Skyler Wheeler,R
Iowa,5,Zach Dieken,R
Iowa,6,Megan Jones,R
Iowa,7,Wendy Larson,R
Iowa,8,Ann Meyer,R
Iowa,9,Henry Stone,R
Iowa,10,John Wills,R
Iowa,11,Craig Williams,R
Iowa,12,Steven Holt,R
Iowa,13,Travis Sitzmann,R
Iowa,14,Jacob Bossman,R
Iowa,15,Matt Windschitl,R
Iowa,16,David Sieck,R
Iowa,17,Devon Wood,R
Iowa,18,Tom Moore,R
Iowa,19,Brent Siegrist,R
Iowa,20,Josh Turek,D
Iowa,21,Brooke Boden,R
Iowa,22,Samantha Fett,R
Iowa,23,Ray Sorensen,R
Iowa,24,Sam Wengryn,R
Iowa,25,Hans Wilz,R
Iowa,26,Austin Harris,R
Iowa,27,Kenan Judge,D
Iowa,28,David Young,R
Iowa,29,Brian Meyer,D
Iowa,30,Megan Srinivas,D
Iowa,31,Mary Madison,D
Iowa,32,Jennifer Konfrst,D
Iowa,33,Ruth Ann Gaines,D
Iowa,34,Rob Johnson,D
Iowa,35,Sean Bagniewski,D
Iowa,36,Austin Baeth,D
Iowa,37,Barb Kniff McCulla,R
Iowa,38,Jon Dunwell,R
Iowa,39,Rick Olson,D
Iowa,40,Bill Gustoff,R
Iowa,41,Ryan Weldon,R
Iowa,42,Heather Matson,D
Iowa,43,Eddie Andrews,R
Iowa,44,Larry McBurney,D
Iowa,45,Brian Lohse,R
Iowa,46,Dan Gehlbach,R
Iowa,47,Carter Nordman,R
Iowa,48,Chad Behn,R
Iowa,49,Beth Wessel-Kroeschell,D
Iowa,50,Ross Wilburn,D
Iowa,51,Brett Barker,R
Iowa,52,David Blom,R
Iowa,53,Dean Fisher,R
Iowa,54,Joshua Meggers,R
Iowa,55,Shannon Latham,R
Iowa,56,Mark Thompson,R
Iowa,57,Pat Grassley,R
Iowa,58,Charley Thomson,R
Iowa,59,Christian Hermanson,R
Iowa,60,Jane Bloomingdale,R
Iowa,61,Timi Brown-Powers,D
Iowa,62,Jerome Amos Jr.,D
Iowa,63,Michael Bergan,R
Iowa,64,Jason Gearhart,R
Iowa,65,Shannon Lundgren,R
Iowa,66,Steve Bradley,R
Iowa,67,Craig Johnson,R
Iowa,68,Chad Ingels,R
Iowa,69,Tom Determann,R
Iowa,70,Norlin Mommsen,R
Iowa,71,Lindsay James,D
Iowa,72,Jennifer Smith,R
Iowa,73,Elizabeth Wilson,D
Iowa,74,Eric Gjerde,D
Iowa,75,Bob Kressig,D
Iowa,76,Derek Wulf,R
Iowa,77,Jeff Cooling,D
Iowa,78,Angel Ramirez,D
Iowa,79,Tracy Ehlert,D
Iowa,80,Aime Wichtendahl,D
Iowa,81,Daniel Gosa,D
Iowa,82,Bobby Kaufmann,R
Iowa,83,Cindy Golding,R
Iowa,84,Thomas Gerhold,R
Iowa,85,Amy Nielsen,D
Iowa,86,David Jacoby,D
Iowa,87,Jeff Shipley,R
Iowa,88,Helena Hayes,R
Iowa,89,Elinor Levin,D
Iowa,90,Adam Zabner,D
Iowa,91,Judd Lawler,R
Iowa,92,Heather Hora,R
Iowa,93,Gary Mohr,R
Iowa,94,Mike Vondran,R
Iowa,95,Taylor Collins,R
Iowa,96,Mark Cisneros,R
Iowa,97,Ken Croken,D
Iowa,98,Monica Kurth,D
Iowa,99,Matthew Rinker,R
Iowa,100,Blaine Watkins,R
Kansas,1,Dale Helwig,R
Kansas,2,Kenneth Collins,R
Kansas,3,Chuck Smith,R
Kansas,4,Rick James,R
Kansas,5,Carrie Barth,R
Kansas,6,Samantha Poetter Parshall,R
Kansas,7,Dan Goddard,R
Kansas,8,Chris Croft,R
Kansas,9,Fred Gardner,R
Kansas,10,Suzanne Wikle,D
Kansas,11,Ron Bryce,R
Kansas,12,Doug Blex,R
Kansas,13,Duane Droge,R
Kansas,14,Charlotte Esau,R
Kansas,15,Lauren Bohi,R
Kansas,16,Linda Featherston,D
Kansas,17,Jo Ella Hoye,D
Kansas,18,Cindy Neighbor,D
Kansas,19,Stephanie Clayton,D
Kansas,20,Mari-Lynn Poskin,D
Kansas,21,Jerry Stogsdill,D
Kansas,22,Lindsay Vaughn,D
Kansas,23,Susan Ruiz,D
Kansas,24,Jarrod Ousley,D
Kansas,25,Rui Xu,D
Kansas,26,Chip VanHouden,R
Kansas,27,Sean Tarwater,R
Kansas,28,Carl Turner,R
Kansas,29,Heather Meyer,D
Kansas,30,Laura Williams,R
Kansas,31,Louis Ruiz,D
Kansas,32,Pam Curtis,D
Kansas,33,Carolyn Caiharr,R
Kansas,34,Valdenia Winn,D
Kansas,35,Wanda Brownlee Paige,D
Kansas,36,Lynn Melton,D
Kansas,37,Melissa Oropeza,D
Kansas,38,Timothy H. Johnson,R
Kansas,39,Angela Stiens,R
Kansas,40,David Buehler,R
Kansas,41,Pat Proctor,R
Kansas,42,Lance Neelly,R
Kansas,43,Bill Sutton,R
Kansas,44,Barbara Ballard,D
Kansas,45,Mike Amyx,D
Kansas,46,Brooklynne Mosley,D
Kansas,47,Ronald Ellis,R
Kansas,48,Dan Osman,D
Kansas,49,Nikki McDonald,D
Kansas,50,Kyle McNorton,R
Kansas,51,Megan Steele,R
Kansas,52,Jesse Borjon,R
Kansas,53,Kirk Haskins,D
Kansas,54,Ken Corbet,R
Kansas,55,Tobias Schlingensiepen,D
Kansas,56,Virgil Weigel,D
Kansas,57,John Alcala,D
Kansas,58,Alexis Simmons,D
Kansas,59,Rebecca Schmoe,R
Kansas,60,Mark Schreiber,R
Kansas,61,Francis Awerkamp,R
Kansas,62,Sean Willcott,R
Kansas,63,Allen Reavis,R
Kansas,64,Lewis Bloom,R
Kansas,65,Shawn Chauncey,R
Kansas,66,Sydney Carlin,D
Kansas,67,Angelina Roeser,R
Kansas,68,Nathan Butler,R
Kansas,69,Clarke Sanders,R
Kansas,70,Greg Wilson,R
Kansas,71,Steven Howe,R
Kansas,72,Avery Anderson,R
Kansas,73,Rick Wilborn,R
Kansas,74,Mike King,R
Kansas,75,Will Carpenter,R
Kansas,76,Bradley Barrett,R
Kansas,77,Kristey Williams,R
Kansas,78,Robyn Essex,R
Kansas,79,Webster Roth,R
Kansas,80,Bill Rhiley,R
Kansas,81,Blake Carpenter,R
Kansas,82,Leah Howell,R
Kansas,83,Henry Helgerson,D
Kansas,84,Ford Carr,D
Kansas,85,Steve Brunk,R
Kansas,86,Abi Boatman,D
Kansas,87,Susan Estes,R
Kansas,88,Sandy Pickert,R
Kansas,89,KC Ohaebosim,D
Kansas,90,Steve Huebert,R
Kansas,91,Emil Bergquist,R
Kansas,92,John Carmichael,D
Kansas,93,Brian Bergkamp,R
Kansas,94,Leo Delperdang,R
Kansas,95,Tom Sawyer,D
Kansas,96,Tom Kessler,R
Kansas,97,Nick Hoheisel,R
Kansas,98,Cyndi Howerton,R
Kansas,99,Susan Humphries,R
Kansas,100,Daniel Hawkins,R
Kansas,101,Joe Seiwert,R
Kansas,102,Kyler Sweely,R
Kansas,103,Angela Martinez,D
Kansas,104,Paul Waggoner,R
Kansas,105,Jill Ward,R
Kansas,106,Lisa Moser,R
Kansas,107,Dawn Wolf,R
Kansas,108,Brandon Woodard,D
Kansas,109,Troy Waymaster,R
Kansas,110,Ken Rahjes,R
Kansas,111,Barb Wasinger,R
Kansas,112,Sherri Brantley,R
Kansas,113,Brett Fairchild,R
Kansas,114,Kevin Schwertfeger,R
Kansas,115,Gary White,R
Kansas,116,Kyle Hoffman,R
Kansas,117,Adam Turk,R
Kansas,118,Jim Minnix,R
Kansas,119,Jason Goetz,R
Kansas,120,Adam Smith,R
Kansas,121,Vacant,
Kansas,122,Lon Pishny,R
Kansas,123,Bob Lewis,R
Kansas,124,Marty Long,R
Kansas,125,Shannon Francis,R
Kentucky,1,Steven Rudy,R
Kentucky,2,Kim Holloway,R
Kentucky,3,Randy Bridges,R
Kentucky,4,Wade Williams,R
Kentucky,5,Mary Beth Imes,R
Kentucky,6,Chris Freeland,R
Kentucky,7,Suzanne Miles,R
Kentucky,8,Walker Thomas,R
Kentucky,9,Myron Dossett,R
Kentucky,10,Josh Calloway,R
Kentucky,11,J. T. Payne,R
Kentucky,12,Jim Gooch Jr.,R
Kentucky,13,DJ Johnson,R
Kentucky,14,Scott Lewis,R
Kentucky,15,Rebecca Raymer,R
Kentucky,16,Jason Petrie,R
Kentucky,17,Robert Duvall,R
Kentucky,18,Samara Heavrin,R
Kentucky,19,Michael Meredith,R
Kentucky,20,Kevin Jackson,R
Kentucky,21,Amy Neighbors,R
Kentucky,22,Shawn McPherson,R
Kentucky,23,Steve Riley,R
Kentucky,24,Ryan Bivens,R
Kentucky,25,Steve Bratcher,R
Kentucky,26,Peyton Griffee,R
Kentucky,27,Nancy Tate,R
Kentucky,28,Jared Bauman,R
Kentucky,29,Chris Lewis,R
Kentucky,30,Daniel Grossberg,D
Kentucky,31,Susan Witten,R
Kentucky,32,Tina Bojanowski,D
Kentucky,33,Jason Nemes,R
Kentucky,34,Sarah Stalker,D
Kentucky,35,Lisa Willner,D
Kentucky,36,John Hodgson,R
Kentucky,37,Emily Callaway,R
Kentucky,38,Rachel Roarx,D
Kentucky,39,Matt Lockett,R
Kentucky,40,Nima Kulkarni,D
Kentucky,41,Mary Lou Marzian,D
Kentucky,42,Joshua Watkins,D
Kentucky,43,Pamela Stevenson,D
Kentucky,44,Beverly Chester-Burton,D
Kentucky,45,Adam Moore,D
Kentucky,46,Al Gentry,D
Kentucky,47,Felicia Rabourn,R
Kentucky,48,Ken Fleming,R
Kentucky,49,Thomas Huff,R
Kentucky,50,Candy Massaroni,R
Kentucky,51,Michael Pollock,R
Kentucky,52,Ken Upchurch,R
Kentucky,53,James Tipton,R
Kentucky,54,Daniel Elliott,R
Kentucky,55,Kim King,R
Kentucky,56,Daniel Fister,R
Kentucky,57,Erika Hancock,D
Kentucky,58,Jennifer Decker,R
Kentucky,59,David W. Osborne,R
Kentucky,60,Marianne Proctor,R
Kentucky,61,Savannah Maddox,R
Kentucky,62,Tony Hampton,R
Kentucky,63,Kim Banta,R
Kentucky,64,Kimberly Poore Moser,R
Kentucky,65,Stephanie Dietz,R
Kentucky,66,T. J. Roberts,R
Kentucky,67,Matthew Lehman,D
Kentucky,68,Mike Clines,R
Kentucky,69,Steven Doan,R
Kentucky,70,William Lawrence,R
Kentucky,71,Josh Bray,R
Kentucky,72,Matthew Koch,R
Kentucky,73,Ryan Dotson,R
Kentucky,74,David Hale,R
Kentucky,75,Lindsey Burke,D
Kentucky,76,Anne Gay Donworth,D
Kentucky,77,George Brown Jr.,D
Kentucky,78,Mark Hart,R
Kentucky,79,Chad Aull,D
Kentucky,80,David Meade,R
Kentucky,81,Deanna Gordon,R
Kentucky,82,Nick Wilson,R
Kentucky,83,Josh Branscum,R
Kentucky,84,Chris Fugate,R
Kentucky,85,Shane Baker,R
Kentucky,86,Tom Smith,R
Kentucky,87,Adam Bowling,R
Kentucky,88,Vanessa Grossl,R
Kentucky,89,Timmy Truett,R
Kentucky,90,Derek Lewis,R
Kentucky,91,Bill Wesley,R
Kentucky,92,John Blanton,R
Kentucky,93,Adrielle Camuel,D
Kentucky,94,Mitch Whitaker,R
Kentucky,95,Ashley Tackett Laferty,D
Kentucky,96,Patrick Flannery,R
Kentucky,97,Bobby McCool,R
Kentucky,98,Aaron Thompson,R
Kentucky,99,Richard White,R
Kentucky,100,Scott Sharp,R
Louisiana,1,Danny McCormick,R
Louisiana,2,Steven Jackson,D
Louisiana,3,Tammy Phelps,D
Louisiana,4,Joy Walters,D
Louisiana,5,Dennis Bamburg Jr.,R
Louisiana,6,Michael Melerine,R
Louisiana,7,Larry Bagley,R
Louisiana,8,Raymond Crews,R
Louisiana,9,Dodie Horton,R
Louisiana,10,Wayne McMahen,R
Louisiana,11,Rashid Armand Young,D
Louisiana,12,Chris Turner,R
Louisiana,13,Jack McFarland,R
Louisiana,14,Michael Echols,R
Louisiana,15,Foy Gadberry,R
Louisiana,16,Adrian Fisher,D
Louisiana,17,Pat Moore,D
Louisiana,18,Jeremy LaCombe,R
Louisiana,19,Francis C. Thompson,R
Louisiana,20,Neil Riser,R
Louisiana,21,C. Travis Johnson,D
Louisiana,22,Gabe Firment,R
Louisiana,23,Shaun Mena,D
Louisiana,24,Rodney Schamerhorn,R
Louisiana,25,Jason Brian DeWitt,R
Louisiana,26,Ed Larvadain III,D
Louisiana,27,Michael T. Johnson,R
Louisiana,28,Daryl Deshotel,R
Louisiana,29,Edmond Jordan,D
Louisiana,30,Charles Owen,R
Louisiana,31,Troy Hebert,R
Louisiana,32,R. Dewith Carrier,R
Louisiana,33,Les Farnum,R
Louisiana,34,Wilford Carter,D
Louisiana,35,Brett Geymann,R
Louisiana,36,Phillip Tarver,R
Louisiana,37,Reese Broussard,R
Louisiana,38,Rhonda Butler,R
Louisiana,39,Vacant,
Louisiana,40,Dustin Miller,D
Louisiana,41,Phillip DeVillier,R
Louisiana,42,Chance Keith Henry,R
Louisiana,43,Josh Carlson,R
Louisiana,44,Tehmi Jahi Chassion,D
Louisiana,45,Annie Spell,R
Louisiana,46,Chad Michael Boyer,R
Louisiana,47,Ryan Bourriaque,R
Louisiana,48,Beau Beaullieu,R
Louisiana,49,Jacob Jules Gabriel Landry,R
Louisiana,50,Vincent St. Blanc III,R
Louisiana,51,Beryl Amedee,R
Louisiana,52,Jerome Zeringue,R
Louisiana,53,Jessica Domangue,R
Louisiana,54,Joseph Orgeron,R
Louisiana,55,Bryan Fontenot,R
Louisiana,56,Beth Anne Billings,R
Louisiana,57,Sylvia Elaine Taylor,D
Louisiana,58,Ken Brass,D
Louisiana,59,Tony Bacala,R
Louisiana,60,Chasity Martinez,D
Louisiana,61,C. Denise Marcelle,D
Louisiana,62,Roy Daryl Adams,D
Louisiana,63,Barbara West Carpenter,D
Louisiana,64,Kellee Hennessy Dickerson,R
Louisiana,65,Lauren Ventrella,R
Louisiana,66,Emily Chenevert,R
Louisiana,67,Terry Landry Jr.,D
Louisiana,68,Dixon McMakin,R
Louisiana,69,Vacant,
Louisiana,70,Barbara Reich Freiberg,R
Louisiana,71,Roger William Wilder III,R
Louisiana,72,Robby Carter,D
Louisiana,73,Kimberly Coates,R
Louisiana,74,Peter F. Egan,R
Louisiana,75,John Wyble,R
Louisiana,76,Stephanie Berault,R
Louisiana,77,Mark Wright,R
Louisiana,78,John Illg,R
Louisiana,79,Debbie Villio,R
Louisiana,80,Polly Thomas,R
Louisiana,81,Jeffrey Wiley,R
Louisiana,82,Laurie Schlegel,R
Louisiana,83,Kyle Green,D
Louisiana,84,Tim Kerner,R
Louisiana,85,Vincent Cox III,R
Louisiana,86,Nicholas Muscarello,R
Louisiana,87,Rodney Lyons,D
Louisiana,88,Kathy Edmonston,R
Louisiana,89,Christopher Kim Carver,R
Louisiana,90,Brian Glorioso,R
Louisiana,91,Mandie Landry,D
Louisiana,92,Joseph A. Stagni,R
Louisiana,93,Alonzo Knox,D
Louisiana,94,Stephanie Hilferty,R
Louisiana,95,Shane Mack,R
Louisiana,96,Marcus Bryant,D
Louisiana,97,Ed Murray,D
Louisiana,98,Aimee Adatto Freeman,D
Louisiana,99,Candace Newell,D
Louisiana,100,Vacant,
Louisiana,101,Vanessa Caston LaFleur,D
Louisiana,102,Delisha Boyd,D
Louisiana,103,Michael Bayham,R
Louisiana,104,Jay Gallé,R
Louisiana,105,Jacob Braud,R
Maine,1,Lucien Daigle,R
Maine,2,Roger Albert,R
Maine,3,Mark Babin,R
Maine,4,Timothy Guerrette,R
Maine,5,Joseph F. Underwood,R
Maine,6,Donald Ardell,R
Maine,7,Gregory Swallow,R
Maine,8,Tracy Quint,R
Maine,9,Arthur Mingo,R
Maine,10,William Tuell,R
Maine,11,Tiffany Strout,R
Maine,12,Billy Bob Faulkingham,R
Maine,13,Russell White,R
Maine,14,Gary Friedmann,D
Maine,15,Holly Eaton,D
Maine,16,Nina Milliken,D
Maine,17,Steven Bishop,R
Maine,18,Mathew McIntyre,R
Maine,19,Richard H. Campbell,R
Maine,20,Dani L. O'Halloran,D
Maine,21,Ambureen Rana,D
Maine,22,Laura Supica,D
Maine,23,Amy Roeder,D
Maine,24,Sean Faircloth,D
Maine,25,Laurie Osher,D
Maine,26,Jim Dill,D
Maine,27,Gary Drinkwater,R
Maine,28,Irene Gifford,R
Maine,29,Vacant,
Maine,30,James Lee White,R
Maine,31,Chad R. Perkins,R
Maine,32,Steven D. Foster,R
Maine,33,Kenneth Fredette,R
Maine,34,Abigail Griffin,R
Maine,35,James E. Thorne,R
Maine,36,Kimberly Haggan,R
Maine,37,Reagan Paul,R
Maine,38,Benjamin C. Hymes,R
Maine,39,Janice Dodge,D
Maine,40,Michael Ray,D
Maine,41,Victoria Doudera,D
Maine,42,Valli Geiger,D
Maine,43,Ann Matlack,D
Maine,44,William Pluecker,I
Maine,45,Abden Simmons,R
Maine,46,Lydia Crafts,D
Maine,47,Wayne Farrin,D
Maine,48,Holly Stover,D
Maine,49,Allison Hepler,D
Maine,50,David Sinclair,D
Maine,51,Rafael Macias,D
Maine,52,Sally Cluchey,D
Maine,53,Michael Lemelin,R
Maine,54,Karen Montell,D
Maine,55,Daniel Shagoury,D
Maine,56,Randall Greenwood,R
Maine,57,Tavis Hasenfus,D
Maine,58,Sharon Frost,I
Maine,59,David Rollins,D
Maine,60,William Bridgeo,D
Maine,61,Alicia Collins,R
Maine,62,Katrina Smith,R
Maine,63,Paul Flynn,R
Maine,64,Flavia DeBrito,D
Maine,65,Cassie Julia,D
Maine,66,Robert Nutting,R
Maine,67,Shelley Rudnicki,R
Maine,68,Amanda Collamore,R
Maine,69,Dean Cray,R
Maine,70,Jennifer Poirier,R
Maine,71,John Ducharme,R
Maine,72,Elizabeth Caruso,R
Maine,73,Mike Soboleski,R
Maine,74,Randall Hall,R
Maine,75,Stephan Bunker,D
Maine,76,Sheila Lyman,R
Maine,77,Tammy Schmersal-Burgess,R
Maine,78,Rachel A. Henderson,R
Maine,79,Michael Lance,R
Maine,80,Caldwell Jackson,R
Maine,81,Peter Wood,R
Maine,82,Nathan Wadsworth,R
Maine,83,Marygrace Cimino,R
Maine,84,Mark Walker,R
Maine,85,Kimberly Pomerleau,R
Maine,86,Rolf Olsen,R
Maine,87,David Boyer,R
Maine,88,Quentin Chapman,R
Maine,89,Adam R. Lee,D
Maine,90,Laurel Libby,R
Maine,91,Joshua Morris,R
Maine,92,Stephen J. Wood,R
Maine,93,Julia McCabe,D
Maine,94,Scott Harriman,D
Maine,95,Mana Abdi,D
Maine,96,Michel Lajoie,D
Maine,97,Richard G. Mason,R
Maine,98,Kilton Webb,D
Maine,99,Cheryl Golek,D
Maine,100,Daniel Ankeles,D
Maine,101,Poppy Arford,D
Maine,102,Melanie Sachs,D
Maine,103,Arthur L. Bell,D
Maine,104,Amy Arata,R
Maine,105,Anne P. Graham,D
Maine,106,Barbara Bagshaw,R
Maine,107,Mark Cooper,R
Maine,108,Parnell Terry,D
Maine,109,Eleanor Sato,D
Maine,110,Christina Mitchell,D
Maine,111,Amy Kuhn,D
Maine,112,W. Edward Crockett,U
Maine,113,Grayson Lookner,D
Maine,114,Dylan Pugh,D
Maine,115,Michael F. Brennan,D
Maine,116,Samuel Zager,D
Maine,117,Matt Moonen,D
Maine,118,Yusuf Yusuf,D
Maine,119,Charles Skold,D
Maine,120,Deqa Dhalac,D
Maine,121,Christopher Kessler,D
Maine,122,Matthew D. Beck,D
Maine,123,Michelle Boyer,D
Maine,124,Sophia Warren,D
Maine,125,Kelly Noonan Murphy,D
Maine,126,Drew Gattine,D
Maine,127,Morgan Rielly,D
Maine,128,Suzanne Salisbury,D
Maine,129,Marshall Archer,D
Maine,130,Lynn Copeland,D
Maine,131,Lori Gramlich,D
Maine,132,Ryan Fecteau,D
Maine,133,Marc Malon,D
Maine,134,Traci Gere,D
Maine,135,Daniel Sayre,D
Maine,136,John Eder,R
Maine,137,Nathan Carlow,R
Maine,138,Mark Blier,R
Maine,139,David Woodsome,R
Maine,140,Wayne Parry,R
Maine,141,Lucas Lanigan,R
Maine,142,Anne-Marie Mastraccio,D
Maine,143,Ann Fredericks,R
Maine,144,Jeffrey S. Adams,R
Maine,145,Robert Foley,R
Maine,146,Walter Runte,D
Maine,147,Holly Sargent,D
Maine,148,Thomas Lavigne,R
Maine,149,Tiffany Roberts,D
Maine,150,Michele Meyer,D
Maine,151,Kristi Mathieson,D
Maine,152,PNS ▌ Vacant,
Maine,153,PMQ ▌ Aaron M. Dana,I
Maine,154,MLS ▌ Brian Reynolds,I
Maryland,1A,Jim Hinebaugh,R
Maryland,1B,Jason C. Buckel,R
Maryland,1C,Terry Baker,R
Maryland,2A,William J. Wivell (R) ⎣ ▌ William Valentine,R
Maryland,2B,Matthew Schindler,D
Maryland,3,Kenneth P. Kerr (D) ⎢ ▌ Kris Fair (D) ⎣ ▌ Karen Simpson,D
Maryland,4,Barrie Ciliberti (R) ⎢ ▌ Jesse Pippy (R) ⎣ ▌ April Fleming Miller,R
Maryland,5,April Rose (R) ⎢ ▌ Christopher Bouchat (R) ⎣ ▌ Chris Tomlinson,R
Maryland,6,Robin Grammer Jr. (R) ⎢ ▌ Robert B. Long (R) ⎣ ▌ Richard W. Metzgar,R
Maryland,7A,Kathy Szeliga (R) ⎣ ▌ Ryan Nawrocki,R
Maryland,7B,Lauren Arikan,R
Maryland,8,Harry Bhandari (D) ⎢ ▌ Kim Ross (D) ⎣ ▌ Nick Allen,D
Maryland,9A,Chao Wu (D) ⎣ ▌ Natalie Ziegler,D
Maryland,9B,Courtney Watson,D
Maryland,10,Adrienne A. Jones (D) ⎢ ▌ N. Scott Phillips (D) ⎣ ▌ Jennifer White Holland,D
Maryland,11A,Cheryl Pasteur,D
Maryland,11B,Jon Cardin (D) ⎣ ▌ Dana Stein,D
Maryland,12A,Jessica Feldmark (D) ⎣ ▌ Terri Hill,D
Maryland,12B,Gary Simmons,D
Maryland,13,Gabriel Moreno (D) ⎢ ▌ Jennifer R. Terrasa (D) ⎣ ▌ Pam Guzzone,D
Maryland,14,Anne Kaiser (D) ⎢ ▌ Pamela E. Queen (D) ⎣ ▌ Bernice Mireku-North,D
Maryland,15,Linda Foley (D) ⎢ ▌ David Fraser-Hidalgo (D) ⎣ ▌ Lily Qi,D
Maryland,16,Sarah Wolek (D) ⎢ ▌ Marc Korman (D) ⎣ ▌ Teresa S. Woorman,D
Maryland,17,Ryan Spiegel (D) ⎢ ▌ Julie Palakovich Carr (D) ⎣ ▌ Joe Vogel,D
Maryland,18,Emily Shetty (D) ⎢ ▌ Jared Solomon (D) ⎣ ▌ Aaron Kaufman,D
Maryland,19,Charlotte Crutchfield (D) ⎢ ▌ Bonnie Cullison (D) ⎣ ▌ Vaughn Stewart,D
Maryland,20,Lorig Charkoudian (D) ⎢ ▌ David Moon (D) ⎣ ▌ Jheanelle Wilkins,D
Maryland,21,Ben Barnes (D) ⎢ ▌ Mary A. Lehman (D) ⎣ ▌ Joseline Peña-Melnyk,D
Maryland,22,Anne Healey (D) ⎢ ▌ Ashanti Martinez (D) ⎣ ▌ Nicole A. Williams,D
Maryland,23,Marvin E. Holmes Jr. (D) ⎢ ▌ Adrian Boafo (D) ⎣ ▌ Kym Taylor,D
Maryland,24,Andrea Harrison (D) ⎢ ▌ Tiffany T. Alston (D) ⎣ ▌ Derrick Coley,D
Maryland,25,Kent Roberson (D) ⎢ ▌ Karen Toles (D) ⎣ ▌ Denise Roberts,D
Maryland,26,Veronica L. Turner (D) ⎢ ▌ Kris Valderrama (D) ⎣ ▌ Jamila Woods,D
Maryland,27A,Darrell Odom,D
Maryland,27B,Jeffrie Long Jr.,D
Maryland,27C,Mark N. Fisher,R
Maryland,28,Debra Davis (D) ⎢ ▌ Edith J. Patterson (D) ⎣ ▌ C. T. Wilson,D
Maryland,29A,Matthew Morgan,R
Maryland,29B,Brian M. Crosby,D
Maryland,29C,Todd Morgan,R
Maryland,30A,Dana Jones (D) ⎣ ▌ Dylan Behler,D
Maryland,30B,Seth A. Howard,R
Maryland,31,Brian Chisholm (R) ⎢ ▌ Nic Kipke (R) ⎣ ▌ LaToya Nkongolo,R
Maryland,32,J. Sandy Bartlett (D) ⎢ ▌ Mark S. Chang (D) ⎣ ▌ Mike Rogers,D
Maryland,33A,Andrew Pruski,D
Maryland,33B,Stuart Schmidt Jr.,R
Maryland,33C,Heather Bagnall,D
Maryland,34A,Steven C. Johnson (D) ⎣ ▌ Andre Johnson Jr.,D
Maryland,34B,Susan K. McComas,R
Maryland,35A,Mike Griffith (R) ⎣ ▌ Teresa E. Reilly,R
Maryland,35B,Kevin Hornberger,R
Maryland,36,Steven J. Arentz (R) ⎢ ▌ Jefferson L. Ghrist (R) ⎣ ▌ Jay Jacobs,R
Maryland,37A,Sheree Sample-Hughes,D
Maryland,37B,Christopher T. Adams (R) ⎣ ▌ Tom Hutchinson,R
Maryland,38A,Kevin Anderson,R
Maryland,38B,Barry Beauchamp,R
Maryland,38C,Wayne A. Hartman,R
Maryland,39,Gabriel Acevero (D) ⎢ ▌ Lesley Lopez (D) ⎣ ▌ W. Gregory Wims,D
Maryland,40,Marlon Amprey (D) ⎢ ▌ Frank M. Conaway Jr. (D) ⎣ ▌ Melissa Wells,D
Maryland,41,Malcolm Ruff (D) ⎢ ▌ Samuel I. Rosenberg (D) ⎣ ▌ Sean Stinnett,D
Maryland,42A,Nino Mangione,R
Maryland,42B,Michele Guyton,D
Maryland,42C,Joshua Stonko,R
Maryland,43A,Regina T. Boyce (D) ⎣ ▌ Elizabeth Embry,D
Maryland,43B,Cathi Forbes,D
Maryland,44A,Eric Ebersole,D
Maryland,44B,Sheila Ruth (D) ⎣ ▌ Aletheia McCaskill,D
Maryland,45,Stephanie M. Smith (D) ⎢ ▌ Jackie Addison (D) ⎣ ▌ Caylin Young,D
Maryland,46,Luke Clippinger (D) ⎢ ▌ Robbyn Lewis (D) ⎣ ▌ Mark Edelson,D
Maryland,47A,Diana M. Fennell (D) ⎣ ▌ Julian Ivey,D
Maryland,47B,Deni Taveras,D
Massachusetts,1,Chris Flanagan,D
Massachusetts,2,Kip Diggs,D
Massachusetts,3,David Vieira,R
Massachusetts,4,Hadley Luddy,D
Massachusetts,5,Steven Xiarhos,R
Massachusetts,6,Thomas Moakley,D
Massachusetts,7,John Barrett,D
Massachusetts,8,Tricia Farley-Bouvier,D
Massachusetts,9,Leigh Davis,D
Massachusetts,10,Michael Chaisson,R
Massachusetts,11,Jim Hawkins,D
Massachusetts,12,Lisa Field,D
Massachusetts,13,Steven S. Howitt,R
Massachusetts,14,Justin Thurber,R
Massachusetts,15,Carole Fiola,D
Massachusetts,16,Alan Silvia,D
Massachusetts,17,Steven Ouellette,D
Massachusetts,18,Christopher Markey,D
Massachusetts,19,Mark Sylvia,D
Massachusetts,20,Christopher Hendricks,D
Massachusetts,21,Norman Orrall,R
Massachusetts,22,Antonio Cabral,D
Massachusetts,23,Adam Scanlon,D
Massachusetts,24,Dawne Shand,D
Massachusetts,25,Kristin Kassner,D
Massachusetts,26,Andy Vargas,D
Massachusetts,27,Estela Reyes,D
Massachusetts,28,Vacant,THE
Massachusetts,29,Hannah Bowen,D
Massachusetts,30,Manny Cruz,D
Massachusetts,31,Jenny Armini,D
Massachusetts,32,Donald Wong,R
Massachusetts,33,Daniel Cahill,D
Massachusetts,34,Sean Reid,D
Massachusetts,35,Thomas Walsh,D
Massachusetts,36,Sally Kerans,D
Massachusetts,37,Adrianne Ramos,D
Massachusetts,38,Ryan Hamilton,D
Massachusetts,39,Francisco E. Paulino,D
Massachusetts,40,Frank A. Moran,D
Massachusetts,41,Tram Nguyen,D
Massachusetts,42,Vacant,STF
Massachusetts,43,Susannah Whipps,I
Massachusetts,44,Todd Smola,R
Massachusetts,45,Brian Ashe,D
Massachusetts,46,Nicholas Boldyga,R
Massachusetts,47,Kelly Pease,R
Massachusetts,48,Patricia Duffy,D
Massachusetts,49,Michael Finn,D
Massachusetts,50,Aaron Saunders,D
Massachusetts,51,Shirley Arriaga,D
Massachusetts,52,Orlando Ramos,D
Massachusetts,53,Carlos Gonzalez,D
Massachusetts,54,Bud Williams,D
Massachusetts,55,Angelo Puppolo,D
Massachusetts,56,Lindsay Sabadosa,D
Massachusetts,57,Homar Gomez,D
Massachusetts,58,Mindy Domb,D
Massachusetts,59,Margaret Scarsdale,D
Massachusetts,60,James Arciero,D
Massachusetts,61,Kate Hogan,D
Massachusetts,62,Danielle Gregoire,D
Massachusetts,63,David Linsky,D
Massachusetts,64,Priscila Sousa,D
Massachusetts,65,Jack Lewis,D
Massachusetts,66,James Arena-DeRosa,D
Massachusetts,67,Thomas M. Stanley,D
Massachusetts,68,John J. Lawn,D
Massachusetts,69,Amy Mah Sangiolo,D
Massachusetts,70,Greg Schwartz,D
Massachusetts,71,Carmine Gentile,D
Massachusetts,72,Simon Cataldo,D
Massachusetts,73,Michelle Ciccolo,D
Massachusetts,74,Rodney Elliott,D
Massachusetts,75,Vanna Howard,D
Massachusetts,76,Tara Hong,D
Massachusetts,77,Dave Robertson,D
Massachusetts,78,Bradley Jones Jr.,R
Massachusetts,79,Kenneth Gordon,D
Massachusetts,80,Marc Lombardo,R
Massachusetts,81,Sean Garballey,D
Massachusetts,82,Dave Rogers,D
Massachusetts,83,Marjorie Decker,D
Massachusetts,84,Michael Connolly,D
Massachusetts,85,Erika Uyterhoeven,D
Massachusetts,86,Joe McGonagle,D
Massachusetts,87,Steven Owens,D
Massachusetts,88,Richard Haggerty,D
Massachusetts,89,Michael Day,D
Massachusetts,90,Kate Lipper-Garabedian,D
Massachusetts,91,Steven Ultrino,D
Massachusetts,92,Christine Barber,D
Massachusetts,93,Paul Donato,D
Massachusetts,94,Colleen Garry,D
Massachusetts,95,Dan Sena,D
Massachusetts,96,Bruce Ayers,D
Massachusetts,97,Tackey Chan,D
Massachusetts,98,Ron Mariano,D
Massachusetts,99,James M. Murphy,D
Massachusetts,100,Mark Cusack,D
Massachusetts,101,William C. Galvin,D
Massachusetts,102,Richard Wells,D
Massachusetts,103,Ted Philips,D
Massachusetts,104,Marcus Vaughn,R
Massachusetts,105,Jeffrey Roy,D
Massachusetts,106,Paul McMurtry,D
Massachusetts,107,John H. Rogers,D
Massachusetts,108,Joshua Tarsky,D
Massachusetts,109,Alice Peisch,D
Massachusetts,110,Tommy Vitolo,D
Massachusetts,111,Michelle Badger,D
Massachusetts,112,John Gaskey,R
Massachusetts,113,Joan Meschino,D
Massachusetts,114,Patrick J. Kearney,D
Massachusetts,115,David DeCoste,R
Massachusetts,116,Kenneth Sweezey,R
Massachusetts,117,Alyson Sullivan,R
Massachusetts,118,Dennis Gallagher,D
Massachusetts,119,Bridget Plouffe,D
Massachusetts,120,Michelle DuBois,D
Massachusetts,121,Rita Mendes,D
Massachusetts,122,Kathleen LaNatra,D
Massachusetts,123,Adrian Madaro,D
Massachusetts,124,Daniel Joseph Ryan,D
Massachusetts,125,Aaron Michlewitz,D
Massachusetts,126,David Biele,D
Massachusetts,127,Christopher Worrell,D
Massachusetts,128,Russell Holmes,D
Massachusetts,129,Chynah Tyler,D
Massachusetts,130,Jay Livingstone,D
Massachusetts,131,John F. Moran,D
Massachusetts,132,Bill MacGregor,D
Massachusetts,133,Judith García,D
Massachusetts,134,Brandy Fluker Oakley,D
Massachusetts,135,Daniel J. Hunt,D
Massachusetts,136,Robert Consalvo,D
Massachusetts,137,Sam Montaño,D
Massachusetts,138,Jessica Giannino,D
Massachusetts,139,Kevin Honan,D
Massachusetts,140,Michael Moran,D
Massachusetts,141,Jeff Turco,D
Massachusetts,142,Kimberly Ferguson,R
Massachusetts,143,Jonathan Zlotnik,D
Massachusetts,144,Mike Kushmerek,D
Massachusetts,145,Natalie Higgins,D
Massachusetts,146,Donnie Berthiaume,R
Massachusetts,147,John Marsi,R
Massachusetts,148,Paul Frost,R
Massachusetts,149,Michael Soter,R
Massachusetts,150,David Muradian,R
Massachusetts,151,Brian Murray,D
Massachusetts,152,Hannah Kane,R
Massachusetts,153,Meghan Kilcoyne,D
Massachusetts,154,John J. Mahoney,D
Massachusetts,155,Jim O'Day,D
Massachusetts,156,Mary Keefe,D
Massachusetts,157,Dan Donahue,D
Massachusetts,158,David LeBoeuf,D
Massachusetts,159,Joseph D. McKenna,R
Massachusetts,160,Kate Donaghue,D
Michigan,1,Tyrone Carter,D
Michigan,2,Tullio Liberati,D
Michigan,3,Alabas Farhat,D
Michigan,4,Karen Whitsett,D
Michigan,5,Regina Weiss,D
Michigan,6,Natalie Price,D
Michigan,7,Tonya Myers Phillips,D
Michigan,8,Helena Scott,D
Michigan,9,Joe Tate,D
Michigan,10,Veronica Paiz,D
Michigan,11,Donavan McKinney,D
Michigan,12,Kimberly Edwards,D
Michigan,13,Mai Xiong,D
Michigan,14,Mike McFall,D
Michigan,15,Erin Byrnes,D
Michigan,16,Stephanie Young,D
Michigan,17,Laurie Pohutsky,D
Michigan,18,Jason Hoskins,D
Michigan,19,Samantha Steckloff,D
Michigan,20,Noah Arbit,D
Michigan,21,Kelly Breen,D
Michigan,22,Matt Koleszar,D
Michigan,23,Jason Morgan,D
Michigan,24,Ranjeev Puri,D
Michigan,25,Peter Herzberg,D
Michigan,26,Dylan Wegela,D
Michigan,27,Rylee Linting,R
Michigan,28,Jamie Thompson,R
Michigan,29,James DeSana,R
Michigan,30,William Bruck,R
Michigan,31,Reggie Miller,D
Michigan,32,Jimmie Wilson Jr.,D
Michigan,33,Morgan Foreman,D
Michigan,34,Nancy Jenkins-Arno,R
Michigan,35,Jennifer Wortz,R
Michigan,36,Steve Carra,R
Michigan,37,Brad Paquette,R
Michigan,38,Joey Andrews,D
Michigan,39,Pauline Wendzel,R
Michigan,40,Matthew Longjohn,D
Michigan,41,Julie Rogers,D
Michigan,42,Matt Hall,R
Michigan,43,Rachelle Smit,R
Michigan,44,Steve Frisbie,R
Michigan,45,Sarah Lightner,R
Michigan,46,Kathy Schmaltz,R
Michigan,47,Carrie Rheingans,D
Michigan,48,Jennifer Conlin,D
Michigan,49,Ann Bollin,R
Michigan,50,Jason Woolford,R
Michigan,51,Matt Maddock,R
Michigan,52,Mike Harris,R
Michigan,53,Brenda Carter,D
Michigan,54,Donni Steele,R
Michigan,55,Mark Tisdel,R
Michigan,56,Sharon MacDonell,D
Michigan,57,Thomas Kuhn,R
Michigan,58,Ron Robinson,R
Michigan,59,Doug Wozniak,R
Michigan,60,Joseph Aragona,R
Michigan,61,Denise Mentzer,D
Michigan,62,Alicia St. Germaine,R
Michigan,63,Jay DeBoyer,R
Michigan,64,Joseph Pavlov,R
Michigan,65,Jaime Greene,R
Michigan,66,Josh Schriver,R
Michigan,67,Phil Green,R
Michigan,68,David Martin,R
Michigan,69,Jasper Martus,D
Michigan,70,Cynthia Neeley,D
Michigan,71,Brian BeGole,R
Michigan,72,Mike Mueller,R
Michigan,73,Julie Brixie,D
Michigan,74,Kara Hope,D
Michigan,75,Penelope Tsernoglou,D
Michigan,76,Angela Witwer,D
Michigan,77,Emily Dievendorf,D
Michigan,78,Gina Johnsen,R
Michigan,79,Angela Rigas,R
Michigan,80,Phil Skaggs,D
Michigan,81,Stephen Wooden,D
Michigan,82,Kristian Grant,D
Michigan,83,John Wesley Fitzgerald,D
Michigan,84,Carol Glanville,D
Michigan,85,Bradley Slagh,R
Michigan,86,Nancy DeBoer,R
Michigan,87,Will Snyder,D
Michigan,88,Greg VanWoerkom,R
Michigan,89,Luke Meerman,R
Michigan,90,Bryan Posthumus,R
Michigan,91,Pat Outman,R
Michigan,92,Jerry Neyer,R
Michigan,93,Tim Kelly,R
Michigan,94,Amos O'Neal,D
Michigan,95,Bill G. Schuette,R
Michigan,96,Timothy Beson,R
Michigan,97,Matthew Bierlein,R
Michigan,98,Gregory Alexander,R
Michigan,99,Mike Hoadley,R
Michigan,100,Tom Kunse,R
Michigan,101,Joseph Fox,R
Michigan,102,Curt VanderWall,R
Michigan,103,Betsy Coffia,D
Michigan,104,John Roth,R
Michigan,105,Ken Borton,R
Michigan,106,Cam Cavitt,R
Michigan,107,Parker Fairbairn,R
Michigan,108,David Prestin,R
Michigan,109,Karl Bohnak,R
Michigan,110,Gregory Markkanen,R
Minnesota,1A,John Burkel,R
Minnesota,1B,Steve Gander,R
Minnesota,2A,Bidal Duran Jr.,R
Minnesota,2B,Matt Bliss,R
Minnesota,3A,Roger Skraba,R
Minnesota,3B,Natalie Zeleznikar,R
Minnesota,4A,Heather Keeler,D
Minnesota,4B,Jim Joy,R
Minnesota,5A,Krista Knudsen,R
Minnesota,5B,Mike Wiener,R
Minnesota,6A,Ben Davis,R
Minnesota,6B,Josh Heintzeman,R
Minnesota,7A,Spencer Igo,R
Minnesota,7B,Cal Warwas,R
Minnesota,8A,Peter Johnson,D
Minnesota,8B,Liish Kozlowski,D
Minnesota,9A,Jeff Backer,R
Minnesota,9B,Tom Murphy,R
Minnesota,10A,Ron Kresha,R
Minnesota,10B,Isaac Schultz,R
Minnesota,11A,Jeff Dotseth,R
Minnesota,11B,Nathan Nelson,R
Minnesota,12A,Paul Anderson,R
Minnesota,12B,Mary Franson,R
Minnesota,13A,Lisa Demuth,R
Minnesota,13B,Tim O'Driscoll,R
Minnesota,14A,Bernie Perryman,R
Minnesota,14B,Dan Wolgamott,D
Minnesota,15A,Chris Swedzinski,R
Minnesota,15B,Paul Torkelson,R
Minnesota,16A,Scott Van Binsbergen,R
Minnesota,16B,Dave Baker,R
Minnesota,17A,Dawn Gillman,R
Minnesota,17B,Bobbie Harder,R
Minnesota,18A,Erica Schwartz,R
Minnesota,18B,Luke Frederick,D
Minnesota,19A,Keith Allen,R
Minnesota,19B,Thomas Sexton,R
Minnesota,20A,Pam Altendorf,R
Minnesota,20B,Steven Jacob,R
Minnesota,21A,Joe Schomacker,R
Minnesota,21B,Marj Fogelman,R
Minnesota,22A,Bjorn Olson,R
Minnesota,22B,Terry Stier,R
Minnesota,23A,Peggy Bennett,R
Minnesota,23B,Patricia Mueller,R
Minnesota,24A,Duane Quam,R
Minnesota,24B,Tina Liebling,D
Minnesota,25A,Kim Hicks,D
Minnesota,25B,Andy Smith,D
Minnesota,26A,Aaron Repinski,R
Minnesota,26B,Greg Davids,R
Minnesota,27A,Shane Mekeland,R
Minnesota,27B,Bryan Lawrence,R
Minnesota,28A,Jimmy Gordon,R
Minnesota,28B,Max Rymer,R
Minnesota,29A,Joe McDonald,R
Minnesota,29B,Marion O'Neill,R
Minnesota,30A,Walter Hudson,R
Minnesota,30B,Paul Novotny,R
Minnesota,31A,Harry Niska,R
Minnesota,31B,Peggy Scott,R
Minnesota,32A,Nolan West,R
Minnesota,32B,Matt Norris,D
Minnesota,33A,Patti Anderson,R
Minnesota,33B,Josiah Hill,D
Minnesota,34A,Danny Nadeau,R
Minnesota,34B,Xp Lee,D
Minnesota,35A,Zack Stephenson,D
Minnesota,35B,Kari Rehrauer,D
Minnesota,36A,Elliott Engen,R
Minnesota,36B,Brion Curran,D
Minnesota,37A,Kristin Robbins,R
Minnesota,37B,Kristin Bahner,D
Minnesota,38A,Huldah Hiltsley,D
Minnesota,38B,Samantha Vang,D
Minnesota,39A,Erin Koegel,D
Minnesota,39B,Sandra Feist,D
Minnesota,40A,Kelly Moller,D
Minnesota,40B,David Gottfried,D
Minnesota,41A,Wayne Johnson,R
Minnesota,41B,Tom Dippel,R
Minnesota,42A,Ned Carroll,D
Minnesota,42B,Ginny Klevorn,D
Minnesota,43A,Cedrick Frazier,D
Minnesota,43B,Mike Freiberg,D
Minnesota,44A,Peter Fischer,D
Minnesota,44B,Leon Lillie,D
Minnesota,45A,Andrew Myers,R
Minnesota,45B,Patty Acomb,D
Minnesota,46A,Larry Kraft,D
Minnesota,46B,Cheryl Youakim,D
Minnesota,47A,Shelley Buck,D
Minnesota,47B,Ethan Cha,D
Minnesota,48A,Jim Nash,R
Minnesota,48B,Lucy Rehm,D
Minnesota,49A,Laurie Pryor,D
Minnesota,49B,Carlie Kotyza-Witthuhn,D
Minnesota,50A,Julie Greene,D
Minnesota,50B,Steve Elkins,D
Minnesota,51A,Michael Howard,D
Minnesota,51B,Nathan Coulter,D
Minnesota,52A,Liz Reyer,D
Minnesota,52B,Bianca Virnig,D
Minnesota,53A,Mary Frances Clardy,D
Minnesota,53B,Rick Hansen,D
Minnesota,54A,Brad Tabke,D
Minnesota,54B,Ben Bakeberg,R
Minnesota,55A,Jessica Hanson,D
Minnesota,55B,Kaela Berg,D
Minnesota,56A,Robert Bierman,D
Minnesota,56B,John Huot,D
Minnesota,57A,Jon Koznick,R
Minnesota,57B,Jeff Witte,R
Minnesota,58A,Kristi Pursell,D
Minnesota,58B,Drew Roach,R
Minnesota,59A,Fue Lee,D
Minnesota,59B,Esther Agbaje,D
Minnesota,60A,Sydney Jordan,D
Minnesota,60B,Mohamud Noor,D
Minnesota,61A,Katie Jones,D
Minnesota,61B,Jamie Long,D
Minnesota,62A,Anquam Mahamoud,D
Minnesota,62B,Hodan Hassan,D
Minnesota,63A,Samantha Sencer-Mura,D
Minnesota,63B,Emma Greenman,D
Minnesota,64A,Meg Luger-Nikolai,D
Minnesota,64B,Dave Pinto,D
Minnesota,65A,Samakab Hussein,D
Minnesota,65B,María Isa Pérez-Vega,D
Minnesota,66A,Leigh Finke,D
Minnesota,66B,Athena Hollins,D
Minnesota,67A,Liz Lee,D
Minnesota,67B,Jay Xiong,D
Mississippi,1,Lester Carpenter,R
Mississippi,2,Brad Mattox,R
Mississippi,3,William Tracy Arnold,R
Mississippi,4,Jody Steverson,R
Mississippi,5,John Faulkner,D
Mississippi,6,Justin Keen,R
Mississippi,7,Kimberly Remak,R
Mississippi,8,Trey Lamar,R
Mississippi,9,Cedric Burnett,D
Mississippi,10,Josh Hawkins,R
Mississippi,11,Lataisha Jackson,D
Mississippi,12,Clay Deweese,R
Mississippi,13,Steve Massengill,R
Mississippi,14,Sam Creekmore IV,R
Mississippi,15,Beth Luther Waldo,R
Mississippi,16,Rickey W. Thompson,D
Mississippi,17,Shane Aguirre,R
Mississippi,18,Jerry Turner,R
Mississippi,19,Randy Boyd,R
Mississippi,20,Rodney Hall,R
Mississippi,21,Donnie Bell,R
Mississippi,22,Justin Crosby,D
Mississippi,23,Perry Van Bailey,R
Mississippi,24,Jeff Hale,R
Mississippi,25,Dan Eubanks,R
Mississippi,26,Otha Williams,D
Mississippi,27,Kenji Holloway,D
Mississippi,28,Doc Harris,R
Mississippi,29,Robert L. Sanders,D
Mississippi,30,Tracey Rosebud,D
Mississippi,31,Otis Anthony,D
Mississippi,32,Solomon Osborne,D
Mississippi,33,Jim Estrada,R
Mississippi,34,Kevin Horan,R
Mississippi,35,Joey Hood,R
Mississippi,36,Karl Gibbs,D
Mississippi,37,Andy Boyd,R
Mississippi,38,Cheikh Taylor,D
Mississippi,39,Dana McLean,R
Mississippi,40,Hester Jackson-McCray,D
Mississippi,41,Kabir Karriem,D
Mississippi,42,Carl L. Mickens,D
Mississippi,43,Rob Roberson,R
Mississippi,44,C. Scott Bounds,R
Mississippi,45,Keith Jackson,D
Mississippi,46,Karl Oliver,R
Mississippi,47,Bryant Clark,D
Mississippi,48,Jason White,R
Mississippi,49,Willie Bailey,D
Mississippi,50,John Hines,D
Mississippi,51,Timaka James-Jones,D
Mississippi,52,Bill Kinkade,R
Mississippi,53,Vince Mangold,R
Mississippi,54,Kevin Ford,R
Mississippi,55,Oscar Denton,D
Mississippi,56,Clay Mansell,R
Mississippi,57,Lawrence Blackmon,D
Mississippi,58,Jonathan McMillan,R
Mississippi,59,Brent Powell,R
Mississippi,60,Fred Shanks,R
Mississippi,61,Gene Newman,R
Mississippi,62,Lance Varner,R
Mississippi,63,Stephanie Foster,D
Mississippi,64,Shanda Yates,I
Mississippi,65,Chris Bell,D
Mississippi,66,Fabian Nelson,D
Mississippi,67,Earle S. Banks,D
Mississippi,68,Zakiya Summers,D
Mississippi,69,Tamarra Butler-Washington,D
Mississippi,70,Bo Brown,D
Mississippi,71,Ronnie Crudup Jr.,D
Mississippi,72,Justis Gibbs,D
Mississippi,73,Jill Ford,R
Mississippi,74,Lee Yancey,R
Mississippi,75,Celeste Hurst,R
Mississippi,76,Gregory Holloway Sr.,D
Mississippi,77,Price Wallace,R
Mississippi,78,Randy Rushing,R
Mississippi,79,Mark Tullos,R
Mississippi,80,Omeria Scott,D
Mississippi,81,Stephen Horne,R
Mississippi,82,Gregory Elliott,D
Mississippi,83,Billy Adam Calvert,R
Mississippi,84,Troy Smith,R
Mississippi,85,Jeffery Harness,D
Mississippi,86,Shane Barnett,R
Mississippi,87,Joseph Tubb,R
Mississippi,88,Charles Blackwell,R
Mississippi,89,Donnie Scoggin,R
Mississippi,90,Noah Sanford,R
Mississippi,91,Robert Evans,D
Mississippi,92,Becky Currie,R
Mississippi,93,Timmy Ladner,R
Mississippi,94,Robert Johnson III,D
Mississippi,95,Jay McKnight,R
Mississippi,96,Angela Cockerham,I
Mississippi,97,Sam Mims V,R
Mississippi,98,Daryl Porter Jr.,D
Mississippi,99,Bill Pigott,R
Mississippi,100,Ken Morgan,R
Mississippi,101,Kent McCarty,R
Mississippi,102,Missy McGee,R
Mississippi,103,Percy Willis Watson,D
Mississippi,104,Larry Byrd,R
Mississippi,105,Elliot Burch,R
Mississippi,106,Jansen Owen,R
Mississippi,107,Steve Lott,R
Mississippi,108,Stacey Hobgood-Wilkes,R
Mississippi,109,Manly Barton,R
Mississippi,110,Jeramey Anderson,D
Mississippi,111,Jimmy Fondren,R
Mississippi,112,John Read,R
Mississippi,113,Henry Zuber III,R
Mississippi,114,Jeffrey Guice,R
Mississippi,115,Zachary Grady,R
Mississippi,116,Casey Eure,R
Mississippi,117,Kevin Felsher,R
Mississippi,118,Greg Haney,R
Mississippi,119,Jeffrey Hulum III,D
Mississippi,120,Richard Bennett,R
Mississippi,121,Carolyn Crawford,R
Mississippi,122,Brent Anderson,R
Missouri,1,Jeff Farnan,R
Missouri,2,Mazzie Christensen,R
Missouri,3,Danny Busick,R
Missouri,4,Greg Sharpe,R
Missouri,5,Louis Riggs,R
Missouri,6,Ed Lewis,R
Missouri,7,Peggy McGaugh,R
Missouri,8,Josh Hurlbert,R
Missouri,9,Dean Van Schoiack,R
Missouri,10,Bill Falkner,R
Missouri,11,Brenda Shields,R
Missouri,12,Mike Jones,R
Missouri,13,Sean Pouche,R
Missouri,14,Ashley Aune,D
Missouri,15,Ken Jamison,D
Missouri,16,Chris Brown,R
Missouri,17,Bill Allen,R
Missouri,18,Eric Woods,D
Missouri,19,Wick Thomas,D
Missouri,20,Mike Steinmeyer,R
Missouri,21,Robert Sauls,D
Missouri,22,Yolanda Young,D
Missouri,23,Michael Johnson,D
Missouri,24,Emily Weber,D
Missouri,25,Pattie Mansur,D
Missouri,26,Tiffany Price,D
Missouri,27,Melissa Douglas,D
Missouri,28,Jerome Barnes,D
Missouri,29,Aaron Crossley,D
Missouri,30,Jonathan Patterson,R
Missouri,31,Ron Fowler,R
Missouri,32,Jeff Coleman,R
Missouri,33,Carolyn Caton,R
Missouri,34,Kemp Strickler,D
Missouri,35,Keri Ingle,D
Missouri,36,Anthony Ealy,D
Missouri,37,Mark Sharp,D
Missouri,38,Martin Jacobs,D
Missouri,39,Mark Meirath,R
Missouri,40,Chad Perkins,R
Missouri,41,Doyle Justus,R
Missouri,42,Jeff Myers,R
Missouri,43,Kent Haden,R
Missouri,44,John Martin,R
Missouri,45,Kathy Steinhoff,D
Missouri,46,David Tyson Smith,D
Missouri,47,Adrian Plank,D
Missouri,48,Tim Taylor,R
Missouri,49,Jim Schulte,R
Missouri,50,Gregg Bush,D
Missouri,51,Mark Nolte,R
Missouri,52,Brad Pollitt,R
Missouri,53,Terry Thompson,R
Missouri,54,Brandon Phelps,R
Missouri,55,Bill Irwin,R
Missouri,56,Michael Davis,R
Missouri,57,Rodger Reedy,R
Missouri,58,Willard Haley,R
Missouri,59,Rudy Veit,R
Missouri,60,Dave Griffith,R
Missouri,61,Bruce Sassmann,R
Missouri,62,Sherri Gallick,R
Missouri,63,Tricia Byrnes,R
Missouri,64,Deanna Self,R
Missouri,65,Wendy Hausman,R
Missouri,66,Marlene Terry,D
Missouri,67,Tonya Rush,D
Missouri,68,Kem Smith,D
Missouri,69,Scott Miller,R
Missouri,70,Stephanie Boykin,D
Missouri,71,LaDonna Appelbaum,D
Missouri,72,Doug Clemens,D
Missouri,73,Raychel Proudie,D
Missouri,74,Marla Smith,D
Missouri,75,Chanel Mosley,D
Missouri,76,Marlon Anderson,D
Missouri,77,Kimberly-Ann Collins,D
Missouri,78,Marty Joe Murray,D
Missouri,79,LaKeySha Bosley,D
Missouri,80,Elizabeth Fuchs,D
Missouri,81,Steve Butz,D
Missouri,82,Nick Kimble,D
Missouri,83,Ray Reed,D
Missouri,84,Del Taylor,D
Missouri,85,Yolonda Fountain Henderson,D
Missouri,86,Jeff Hales,D
Missouri,87,Connie Steinmetz,D
Missouri,88,Holly Jones,R
Missouri,89,George J. Hruza,R
Missouri,90,Mark Boyko,D
Missouri,91,Jo Doll,D
Missouri,92,Michael Burton,D
Missouri,93,Bridget Walsh Moore,D
Missouri,94,Jim Murphy,R
Missouri,95,Vacant,
Missouri,96,Brad Christ,R
Missouri,97,David Casteel,R
Missouri,98,Jaclyn Zimmermann,D
Missouri,99,Ian Mackey,D
Missouri,100,Philip Oehlerking,R
Missouri,101,Ben Keathley,R
Missouri,102,Richard West,R
Missouri,103,Dave Hinman,R
Missouri,104,Terri Violet,R
Missouri,105,Colin Wellenkamp,R
Missouri,106,Travis Wilson,R
Missouri,107,Mark Matthiesen,R
Missouri,108,Mike Costlow,R
Missouri,109,John Simmons,R
Missouri,110,Vacant,
Missouri,111,Cecelie Williams,R
Missouri,112,Renee Reuter,R
Missouri,113,Phil Amato,R
Missouri,114,Vacant,
Missouri,115,Bill Lucas,R
Missouri,116,Dale Wright,R
Missouri,117,Becky Laubinger,R
Missouri,118,Mike McGirl,R
Missouri,119,Brad Banderman,R
Missouri,120,John Hewkin,R
Missouri,121,Bill Hardwick,R
Missouri,122,Tara Peters,R
Missouri,123,Jeff Vernetti,R
Missouri,124,Don Mayhew,R
Missouri,125,Dane Diehl,R
Missouri,126,Jim Kalberloh,R
Missouri,127,Ann Kelley,R
Missouri,128,Christopher Warwick,R
Missouri,129,John Black,R
Missouri,130,Bishop Davidson,R
Missouri,131,Bill Owen,R
Missouri,132,Crystal Quade,D
Missouri,133,Melanie Stinnett,R
Missouri,134,Alex Riley,R
Missouri,135,Betsy Fogle,D
Missouri,136,Stephanie Hein,D
Missouri,137,Darin Chappell,R
Missouri,138,Burt Whaley,R
Missouri,139,Bob Titus,R
Missouri,140,Jamie Gragg,R
Missouri,141,Hannah Kelly,R
Missouri,142,Jeff Knight,R
Missouri,143,Bennie Cook,R
Missouri,144,Tony Harbison,R
Missouri,145,Bryant Wolfin,R
Missouri,146,Barry Hovis,R
Missouri,147,John Voss,R
Missouri,148,David Dolan,R
Missouri,149,Vacant,
Missouri,150,Cameron Parker,R
Missouri,151,Steve Jordan,R
Missouri,152,Hardy Billington,R
Missouri,153,Keith Elliott,R
Missouri,154,David Evans,R
Missouri,155,Matthew Overcast,R
Missouri,156,Brian Seitz,R
Missouri,157,Mitch Boggs,R
Missouri,158,Scott Cupps,R
Missouri,159,Dirk Deaton,R
Missouri,160,Vacant,
Missouri,161,Lane Roberts,R
Missouri,162,Bob Bromley,R
Missouri,163,Cody Smith,R
